ID,Name
026acc5a18a94f2bb1097778a32a4dae,We've got honey at home. 🍯🏠
1af891d6b3bf4540a518ddd5b310e3b9,MegaSlippers
434aef1105394dc9a3b534b335e73b2a,TommySd
555c7be4f519498e97a6bf62888fb0df,Beehind Honemy Lines
5d67307c492249f2b00f7b3276919ef5,"Liv, Laugh, Cover Urself in Pollen"
90b212aa8861412d9a5f47869666254b,hairibar
975e00647b384c8abeb378da24a134f7,misterbrilliant
b203b8be5e7947d5835b05e671bbc328,Joe Bond
b2fd357c852d458f8ea4fa557c68b37f,A Stylish Little Bee In A Shacket And Jorts (A Sartorial Bee)
b49a4cb5ad234418b3ff4bdfd2ab321f,"🚂 Alice Einsteigen, To Bee Town!"
c9020fb4892a4c77aaeded2efd21f9b4,Honey WillBeFree
e4baba279a664e01b42eb740644f095c,How ⌚ since you 👀 a 🐝? I Missenden (Cain)
ec6e845efede4f3abfce9ac2b3254ff7,Banana Log
f1c713e8e22f4674a449cc92e27d3930,Bee Pie
