Spotify URI,Voter ID,Created,Points Assigned,Comment,Round ID
spotify:track:0ikz6tENMONtK6qGkOrU3c,c9020fb4892a4c77aaeded2efd21f9b4,2026-08-27T00:34:24Z,1,,f3bec651395541a785c71c44ec9f43ce
spotify:track:1Je1IMUlBXcx1Fz0WE7oPT,c9020fb4892a4c77aaeded2efd21f9b4,2026-08-27T00:34:24Z,1,It was definitely inescapable,f3bec651395541a785c71c44ec9f43ce
spotify:track:2QyGSbGdT9suKuDKwnjwH9,c9020fb4892a4c77aaeded2efd21f9b4,2026-08-27T00:34:24Z,3,Hearing this outside of the context of Transformers would be wild. I guess it's a real banger either way but they're so locked together for me it's hard to pull them apart.,f3bec651395541a785c71c44ec9f43ce
spotify:track:2TxCwUlqaOH3TIyJqGgR91,c9020fb4892a4c77aaeded2efd21f9b4,2026-08-27T00:34:24Z,1,Say what you like about ABBA they made some bangers,f3bec651395541a785c71c44ec9f43ce
spotify:track:3msWMtvgVFVAzkcAakFMIy,c9020fb4892a4c77aaeded2efd21f9b4,2026-08-27T00:34:24Z,1,,f3bec651395541a785c71c44ec9f43ce
spotify:track:4pbyDPjFgfPqFTcIMC8xpK,c9020fb4892a4c77aaeded2efd21f9b4,2026-08-27T00:34:24Z,1,Making me feel old that you were getting driven to school to this song.,f3bec651395541a785c71c44ec9f43ce
spotify:track:0D2t9hxLR86LXCTjSngqyC,c9020fb4892a4c77aaeded2efd21f9b4,2026-08-27T00:34:24Z,2,"""Grow beans!
In the fertile soil!
Grow beans!
Cook them in some oil!""",f3bec651395541a785c71c44ec9f43ce
spotify:track:0D2t9hxLR86LXCTjSngqyC,434aef1105394dc9a3b534b335e73b2a,2026-08-27T06:21:02Z,1,,f3bec651395541a785c71c44ec9f43ce
spotify:track:0ikz6tENMONtK6qGkOrU3c,434aef1105394dc9a3b534b335e73b2a,2026-08-27T06:21:02Z,4,,f3bec651395541a785c71c44ec9f43ce
spotify:track:2TxCwUlqaOH3TIyJqGgR91,434aef1105394dc9a3b534b335e73b2a,2026-08-27T06:21:02Z,1,,f3bec651395541a785c71c44ec9f43ce
spotify:track:3J0AoQhAufniMrznCRJASD,434aef1105394dc9a3b534b335e73b2a,2026-08-27T06:21:02Z,1,,f3bec651395541a785c71c44ec9f43ce
spotify:track:3msWMtvgVFVAzkcAakFMIy,434aef1105394dc9a3b534b335e73b2a,2026-08-27T06:21:02Z,1,,f3bec651395541a785c71c44ec9f43ce
spotify:track:4pbyDPjFgfPqFTcIMC8xpK,434aef1105394dc9a3b534b335e73b2a,2026-08-27T06:21:02Z,2,,f3bec651395541a785c71c44ec9f43ce
spotify:track:0D2t9hxLR86LXCTjSngqyC,1af891d6b3bf4540a518ddd5b310e3b9,2026-08-27T08:31:25Z,1,,f3bec651395541a785c71c44ec9f43ce
spotify:track:0Ja4hLKiUSw01E01pJ1yGr,1af891d6b3bf4540a518ddd5b310e3b9,2026-08-27T08:31:25Z,2,What a banger to have as a presh mem.,f3bec651395541a785c71c44ec9f43ce
spotify:track:2NhU1OSlnCejzyQ6UmUoOl,1af891d6b3bf4540a518ddd5b310e3b9,2026-08-27T08:31:25Z,4,"Planet Rock play this as often as Radio X play The Sky Is a Neighborhood, so Kayleigh has become a bit of a vocal stim. Cracking track too.",f3bec651395541a785c71c44ec9f43ce
spotify:track:2QyGSbGdT9suKuDKwnjwH9,1af891d6b3bf4540a518ddd5b310e3b9,2026-08-27T08:31:25Z,3,"Transformers wasn't on my radar growing up but I've developed a lot of second hand nostalgia for it via Gavin Spence and Toygrind. 

Even without Transformers this Boston-esque anvil is extremely my jam.",f3bec651395541a785c71c44ec9f43ce
spotify:track:0Ja4hLKiUSw01E01pJ1yGr,026acc5a18a94f2bb1097778a32a4dae,2026-08-27T10:02:42Z,7,The presence of the prodigy has made it very difficult for me to save points for the rest of you. ,f3bec651395541a785c71c44ec9f43ce
spotify:track:2NhU1OSlnCejzyQ6UmUoOl,026acc5a18a94f2bb1097778a32a4dae,2026-08-27T10:02:42Z,1,,f3bec651395541a785c71c44ec9f43ce
spotify:track:2QyGSbGdT9suKuDKwnjwH9,026acc5a18a94f2bb1097778a32a4dae,2026-08-27T10:02:42Z,2,Fair play. ,f3bec651395541a785c71c44ec9f43ce
spotify:track:0D2t9hxLR86LXCTjSngqyC,b2fd357c852d458f8ea4fa557c68b37f,2026-08-27T13:52:25Z,0,Despite only being 5 minutes long: Bit long innit,f3bec651395541a785c71c44ec9f43ce
spotify:track:0ikz6tENMONtK6qGkOrU3c,b2fd357c852d458f8ea4fa557c68b37f,2026-08-27T13:52:25Z,0,A Reg Feats track if ever there was one.,f3bec651395541a785c71c44ec9f43ce
spotify:track:0Ja4hLKiUSw01E01pJ1yGr,b2fd357c852d458f8ea4fa557c68b37f,2026-08-27T13:52:25Z,2,time for crab,f3bec651395541a785c71c44ec9f43ce
spotify:track:1Je1IMUlBXcx1Fz0WE7oPT,b2fd357c852d458f8ea4fa557c68b37f,2026-08-27T13:52:25Z,1,,f3bec651395541a785c71c44ec9f43ce
spotify:track:2TxCwUlqaOH3TIyJqGgR91,b2fd357c852d458f8ea4fa557c68b37f,2026-08-27T13:52:25Z,2,"It's Mamma Fucking Mia, Baybee.",f3bec651395541a785c71c44ec9f43ce
spotify:track:3J0AoQhAufniMrznCRJASD,b2fd357c852d458f8ea4fa557c68b37f,2026-08-27T13:52:25Z,1,"Was it worth it, Cyndi?",f3bec651395541a785c71c44ec9f43ce
spotify:track:3msWMtvgVFVAzkcAakFMIy,b2fd357c852d458f8ea4fa557c68b37f,2026-08-27T13:52:25Z,1,Point for Most Unique Submission but I shall not be tricked into performing patriotism with that Rule Britania drop. (Pulled it back with Drunken Sailor tho),f3bec651395541a785c71c44ec9f43ce
spotify:track:3WFgRhgECxQYyy8Ldhk2PG,b2fd357c852d458f8ea4fa557c68b37f,2026-08-27T13:52:25Z,1,Poser's Anthem(positive),f3bec651395541a785c71c44ec9f43ce
spotify:track:4pbyDPjFgfPqFTcIMC8xpK,b2fd357c852d458f8ea4fa557c68b37f,2026-08-27T13:52:25Z,2,"There's a gun in Destiny 2 that sounds almost exactly like the main beat if this song and it took me YEARS to successfully identify it. Haunted me every time we were forced to use it. Anyway, as someone who cannot get a girl while his best friend can: moving my body did not help and I am sueing Robbie Williams.",f3bec651395541a785c71c44ec9f43ce
spotify:track:0D2t9hxLR86LXCTjSngqyC,ec6e845efede4f3abfce9ac2b3254ff7,2026-08-27T14:08:13Z,1,,f3bec651395541a785c71c44ec9f43ce
spotify:track:0ikz6tENMONtK6qGkOrU3c,ec6e845efede4f3abfce9ac2b3254ff7,2026-08-27T14:08:13Z,1,,f3bec651395541a785c71c44ec9f43ce
spotify:track:0Ja4hLKiUSw01E01pJ1yGr,ec6e845efede4f3abfce9ac2b3254ff7,2026-08-27T14:08:13Z,2,Banger,f3bec651395541a785c71c44ec9f43ce
spotify:track:0tV9rv9u4pT5RDdIrGt2SE,ec6e845efede4f3abfce9ac2b3254ff7,2026-08-27T14:08:13Z,2,I do love this tune a lot!,f3bec651395541a785c71c44ec9f43ce
spotify:track:1Je1IMUlBXcx1Fz0WE7oPT,ec6e845efede4f3abfce9ac2b3254ff7,2026-08-27T14:08:13Z,1,,f3bec651395541a785c71c44ec9f43ce
spotify:track:2TxCwUlqaOH3TIyJqGgR91,ec6e845efede4f3abfce9ac2b3254ff7,2026-08-27T14:08:13Z,1,,f3bec651395541a785c71c44ec9f43ce
spotify:track:3J0AoQhAufniMrznCRJASD,ec6e845efede4f3abfce9ac2b3254ff7,2026-08-27T14:08:13Z,1,"Another lush story, love this",f3bec651395541a785c71c44ec9f43ce
spotify:track:3WFgRhgECxQYyy8Ldhk2PG,ec6e845efede4f3abfce9ac2b3254ff7,2026-08-27T14:08:13Z,1,I love this story! Great track as well,f3bec651395541a785c71c44ec9f43ce
spotify:track:0Ja4hLKiUSw01E01pJ1yGr,555c7be4f519498e97a6bf62888fb0df,2026-08-27T14:25:53Z,2,,f3bec651395541a785c71c44ec9f43ce
spotify:track:1Je1IMUlBXcx1Fz0WE7oPT,555c7be4f519498e97a6bf62888fb0df,2026-08-27T14:25:53Z,1,"As someone who survived spice fever, how dare you ",f3bec651395541a785c71c44ec9f43ce
spotify:track:2NhU1OSlnCejzyQ6UmUoOl,555c7be4f519498e97a6bf62888fb0df,2026-08-27T14:25:53Z,3,This is such a banger and is also the reason so many people are called Kayleigh…,f3bec651395541a785c71c44ec9f43ce
spotify:track:2QyGSbGdT9suKuDKwnjwH9,555c7be4f519498e97a6bf62888fb0df,2026-08-27T14:25:53Z,1,,f3bec651395541a785c71c44ec9f43ce
spotify:track:2TxCwUlqaOH3TIyJqGgR91,555c7be4f519498e97a6bf62888fb0df,2026-08-27T14:25:53Z,1,,f3bec651395541a785c71c44ec9f43ce
spotify:track:3WFgRhgECxQYyy8Ldhk2PG,555c7be4f519498e97a6bf62888fb0df,2026-08-27T14:25:53Z,2,,f3bec651395541a785c71c44ec9f43ce
spotify:track:0D2t9hxLR86LXCTjSngqyC,5d67307c492249f2b00f7b3276919ef5,2026-08-27T15:38:00Z,2,,f3bec651395541a785c71c44ec9f43ce
spotify:track:0Ja4hLKiUSw01E01pJ1yGr,5d67307c492249f2b00f7b3276919ef5,2026-08-27T15:38:00Z,1,,f3bec651395541a785c71c44ec9f43ce
spotify:track:0tV9rv9u4pT5RDdIrGt2SE,5d67307c492249f2b00f7b3276919ef5,2026-08-27T15:38:00Z,1,I know this song from Chicken Run.,f3bec651395541a785c71c44ec9f43ce
spotify:track:1Je1IMUlBXcx1Fz0WE7oPT,5d67307c492249f2b00f7b3276919ef5,2026-08-27T15:38:00Z,1,Definitely one of my first too.,f3bec651395541a785c71c44ec9f43ce
spotify:track:2NhU1OSlnCejzyQ6UmUoOl,5d67307c492249f2b00f7b3276919ef5,2026-08-27T15:38:00Z,1,,f3bec651395541a785c71c44ec9f43ce
spotify:track:2QyGSbGdT9suKuDKwnjwH9,5d67307c492249f2b00f7b3276919ef5,2026-08-27T15:38:00Z,1,,f3bec651395541a785c71c44ec9f43ce
spotify:track:3J0AoQhAufniMrznCRJASD,5d67307c492249f2b00f7b3276919ef5,2026-08-27T15:38:00Z,0,3am salad bar sounds like a weird dream.,f3bec651395541a785c71c44ec9f43ce
spotify:track:3msWMtvgVFVAzkcAakFMIy,5d67307c492249f2b00f7b3276919ef5,2026-08-27T15:38:00Z,1,Why is there a pirate song in there? [Not a complaint],f3bec651395541a785c71c44ec9f43ce
spotify:track:3WFgRhgECxQYyy8Ldhk2PG,5d67307c492249f2b00f7b3276919ef5,2026-08-27T15:38:00Z,1,,f3bec651395541a785c71c44ec9f43ce
spotify:track:4pbyDPjFgfPqFTcIMC8xpK,5d67307c492249f2b00f7b3276919ef5,2026-08-27T15:38:00Z,1,,f3bec651395541a785c71c44ec9f43ce
spotify:track:0D2t9hxLR86LXCTjSngqyC,b49a4cb5ad234418b3ff4bdfd2ab321f,2026-08-28T11:31:42Z,0,One of my earliest drawings of a person was of the orange-jumpsuit & conical hat costume they wear in the video for this.,f3bec651395541a785c71c44ec9f43ce
spotify:track:0ikz6tENMONtK6qGkOrU3c,b49a4cb5ad234418b3ff4bdfd2ab321f,2026-08-28T11:31:42Z,0,"I was shamefully a horrible little homophobic kid at times because the 90s were not always as nice as they're remembered. George Michael was a target of that at times, especially with the 'outdoor bathroom' incident and it took a long time for me to finally appreciate and respect him as a musician. I wish I had done so a lot earlier.

But it still wouldn't have made this song any better.",f3bec651395541a785c71c44ec9f43ce
spotify:track:0Ja4hLKiUSw01E01pJ1yGr,b49a4cb5ad234418b3ff4bdfd2ab321f,2026-08-28T11:31:42Z,0,One of the best songs of the 90s from one of the best albums of the 90s.,f3bec651395541a785c71c44ec9f43ce
spotify:track:0tV9rv9u4pT5RDdIrGt2SE,b49a4cb5ad234418b3ff4bdfd2ab321f,2026-08-28T11:31:42Z,0,I think this might have been in an advert in the late 80s/early 90s? I certainly also remember it from my childhood.,f3bec651395541a785c71c44ec9f43ce
spotify:track:1Je1IMUlBXcx1Fz0WE7oPT,b49a4cb5ad234418b3ff4bdfd2ab321f,2026-08-28T11:31:42Z,0,"Not their best song, but people who weren't around then just don't understand the impact this had on release.",f3bec651395541a785c71c44ec9f43ce
spotify:track:2NhU1OSlnCejzyQ6UmUoOl,b49a4cb5ad234418b3ff4bdfd2ab321f,2026-08-28T11:31:42Z,0,"I fucking love Marillion and this comes from the first album of theirs that I heard. The first dance at our wedding was also 'Lavender' from this same album. However, OPTIMUS PRIME FUCKING DIED.

Fun fact, there was a surge of women named 'Kayleigh' in the late 80s because of this song.",f3bec651395541a785c71c44ec9f43ce
spotify:track:2QyGSbGdT9suKuDKwnjwH9,b49a4cb5ad234418b3ff4bdfd2ab321f,2026-08-28T11:31:42Z,10,"OPTIMUS PRIME WAS MY REPLACEMENT DAD AND HE JUST FUCKING DIED.

This was the first song after the first dance at our wedding.",f3bec651395541a785c71c44ec9f43ce
spotify:track:2TxCwUlqaOH3TIyJqGgR91,b49a4cb5ad234418b3ff4bdfd2ab321f,2026-08-28T11:31:42Z,0,"ABBA seemed to be absolutely everywhere in the 90s and it drove me up the wall, especially as my sister had ABBA Gold. (Remember that ABBA night ITV did once?) It's taken me years to eventually get over the PTSD and enjoy them for myself. This is a decent one of their hits.",f3bec651395541a785c71c44ec9f43ce
spotify:track:3J0AoQhAufniMrznCRJASD,b49a4cb5ad234418b3ff4bdfd2ab321f,2026-08-28T11:31:42Z,0,"I'm a big Roy Orbison fan so I love the original version of this. I don't think I've heard this cover before, but always liked Lauper's voice.",f3bec651395541a785c71c44ec9f43ce
spotify:track:3msWMtvgVFVAzkcAakFMIy,b49a4cb5ad234418b3ff4bdfd2ab321f,2026-08-28T11:31:42Z,0,"I have never willingly put on Radio 4 in my life because I am an uncultured buffoon, but I applaud you for remembering this and submitting it.",f3bec651395541a785c71c44ec9f43ce
spotify:track:3WFgRhgECxQYyy8Ldhk2PG,b49a4cb5ad234418b3ff4bdfd2ab321f,2026-08-28T11:31:42Z,0,I'm worried I've cursed Madonna now by putting her on this LIST OF DEATH.,f3bec651395541a785c71c44ec9f43ce
spotify:track:4pbyDPjFgfPqFTcIMC8xpK,b49a4cb5ad234418b3ff4bdfd2ab321f,2026-08-28T11:31:42Z,0,Fond memories of going on a St. Johns Ambulance division camping trip the week this released and the song being played on cassette repeatedly in the minivan at every opportunity.,f3bec651395541a785c71c44ec9f43ce
spotify:track:0D2t9hxLR86LXCTjSngqyC,f1c713e8e22f4674a449cc92e27d3930,2026-08-30T07:24:32Z,1,"Honesty box, how many people mentally heard ""Ooo-arr, it's Ambrosia""?",f3bec651395541a785c71c44ec9f43ce
spotify:track:0ikz6tENMONtK6qGkOrU3c,f1c713e8e22f4674a449cc92e27d3930,2026-08-30T07:24:32Z,2,Excellently specific memory,f3bec651395541a785c71c44ec9f43ce
spotify:track:0Ja4hLKiUSw01E01pJ1yGr,f1c713e8e22f4674a449cc92e27d3930,2026-08-30T07:24:32Z,1,What I'm learning here is everyone is way too young,f3bec651395541a785c71c44ec9f43ce
spotify:track:2QyGSbGdT9suKuDKwnjwH9,f1c713e8e22f4674a449cc92e27d3930,2026-08-30T07:24:32Z,2,"RIP Optimus, killed by music",f3bec651395541a785c71c44ec9f43ce
spotify:track:2TxCwUlqaOH3TIyJqGgR91,f1c713e8e22f4674a449cc92e27d3930,2026-08-30T07:24:32Z,2,I've been re-enjoying ABBA recently so an extra point,f3bec651395541a785c71c44ec9f43ce
spotify:track:3msWMtvgVFVAzkcAakFMIy,f1c713e8e22f4674a449cc92e27d3930,2026-08-30T07:24:32Z,1,Genuinely nearly submitted Robert Palmer's Bad Case of Loving You because a local radio DJ used it as his jingle.,f3bec651395541a785c71c44ec9f43ce
spotify:track:3WFgRhgECxQYyy8Ldhk2PG,f1c713e8e22f4674a449cc92e27d3930,2026-08-30T07:24:32Z,1,Can't Stop Voguing,f3bec651395541a785c71c44ec9f43ce
spotify:track:0ikz6tENMONtK6qGkOrU3c,975e00647b384c8abeb378da24a134f7,2026-08-30T11:21:18Z,1,,f3bec651395541a785c71c44ec9f43ce
spotify:track:0Ja4hLKiUSw01E01pJ1yGr,975e00647b384c8abeb378da24a134f7,2026-08-30T11:21:18Z,1,,f3bec651395541a785c71c44ec9f43ce
spotify:track:0tV9rv9u4pT5RDdIrGt2SE,975e00647b384c8abeb378da24a134f7,2026-08-30T11:21:18Z,2,,f3bec651395541a785c71c44ec9f43ce
spotify:track:1Je1IMUlBXcx1Fz0WE7oPT,975e00647b384c8abeb378da24a134f7,2026-08-30T11:21:18Z,1,,f3bec651395541a785c71c44ec9f43ce
spotify:track:2TxCwUlqaOH3TIyJqGgR91,975e00647b384c8abeb378da24a134f7,2026-08-30T11:21:18Z,1,,f3bec651395541a785c71c44ec9f43ce
spotify:track:3J0AoQhAufniMrznCRJASD,975e00647b384c8abeb378da24a134f7,2026-08-30T11:21:18Z,1,,f3bec651395541a785c71c44ec9f43ce
spotify:track:3WFgRhgECxQYyy8Ldhk2PG,975e00647b384c8abeb378da24a134f7,2026-08-30T11:21:18Z,1,,f3bec651395541a785c71c44ec9f43ce
spotify:track:4pbyDPjFgfPqFTcIMC8xpK,975e00647b384c8abeb378da24a134f7,2026-08-30T11:21:18Z,2,,f3bec651395541a785c71c44ec9f43ce
spotify:track:2NhU1OSlnCejzyQ6UmUoOl,e4baba279a664e01b42eb740644f095c,2026-08-30T21:57:42Z,0,When Doves Cry was definitely another early track on an album that felt like it was always on in my childhood. ,f3bec651395541a785c71c44ec9f43ce
spotify:track:2QyGSbGdT9suKuDKwnjwH9,e4baba279a664e01b42eb740644f095c,2026-08-30T21:57:42Z,2,"Yeah, this is good. And though I understand your reservations, particularly on round 1 of a new league, I still reserve the right to call you a coward, Jeff Wayne's War of the Worlds is unparalleled.",f3bec651395541a785c71c44ec9f43ce
spotify:track:2TxCwUlqaOH3TIyJqGgR91,e4baba279a664e01b42eb740644f095c,2026-08-30T21:57:42Z,1,I went through a phase of wrongfully disparaging Abba. It was childish and I am on the road to recovery. Here's a point to prove it. ,f3bec651395541a785c71c44ec9f43ce
spotify:track:3J0AoQhAufniMrznCRJASD,e4baba279a664e01b42eb740644f095c,2026-08-30T21:57:42Z,1,"It's a little slow, even as ballads go, but I do rather enjoy this. ",f3bec651395541a785c71c44ec9f43ce
spotify:track:3msWMtvgVFVAzkcAakFMIy,e4baba279a664e01b42eb740644f095c,2026-08-30T21:57:42Z,0,"This is like a classical music mash-up before EDM was a thing. Not sure I can get behind some of these choices though. I can't fathom what they were thinking when they put Greensleeves over What Shall  We Do with the Dunken Sailor, it just does not work! ",f3bec651395541a785c71c44ec9f43ce
spotify:track:3WFgRhgECxQYyy8Ldhk2PG,e4baba279a664e01b42eb740644f095c,2026-08-30T21:57:42Z,1,"Never thought I was much of a Madonna fan, but this is alright. ",f3bec651395541a785c71c44ec9f43ce
spotify:track:4pbyDPjFgfPqFTcIMC8xpK,e4baba279a664e01b42eb740644f095c,2026-08-30T21:57:42Z,0,My mum was also a fan of Robbie and it was one of things she'd put on that I really didn't get on with.,f3bec651395541a785c71c44ec9f43ce
spotify:track:0D2t9hxLR86LXCTjSngqyC,e4baba279a664e01b42eb740644f095c,2026-08-30T21:57:42Z,0,"I know of it's significance, but I really don't get on with it, sorry! ",f3bec651395541a785c71c44ec9f43ce
spotify:track:0ikz6tENMONtK6qGkOrU3c,e4baba279a664e01b42eb740644f095c,2026-08-30T21:57:42Z,1,,f3bec651395541a785c71c44ec9f43ce
spotify:track:0Ja4hLKiUSw01E01pJ1yGr,e4baba279a664e01b42eb740644f095c,2026-08-30T21:57:42Z,3,"This is a banger, absolutely. And feel Reg Feats adjacent if only for the crabby cover ... ",f3bec651395541a785c71c44ec9f43ce
spotify:track:0tV9rv9u4pT5RDdIrGt2SE,e4baba279a664e01b42eb740644f095c,2026-08-30T21:57:42Z,0,Not sure about the message of this one 😬 ,f3bec651395541a785c71c44ec9f43ce
spotify:track:1Je1IMUlBXcx1Fz0WE7oPT,e4baba279a664e01b42eb740644f095c,2026-08-30T21:57:42Z,1,I value your honesty! ,f3bec651395541a785c71c44ec9f43ce
spotify:track:0gSEyG7pOFuHM05433EibX,555c7be4f519498e97a6bf62888fb0df,2026-09-03T07:19:26Z,4,"Points for Annie, and being one of the few songs I can actually listen to on this playlist!",b894c6c4d3f044589c300569dbac9481
spotify:track:0pQZMrYNcfwZbt2Zt0pjaA,555c7be4f519498e97a6bf62888fb0df,2026-09-03T07:19:26Z,2,,b894c6c4d3f044589c300569dbac9481
spotify:track:25ZQZns0WZJXUlQ4c9dvWu,555c7be4f519498e97a6bf62888fb0df,2026-09-03T07:19:26Z,2,,b894c6c4d3f044589c300569dbac9481
spotify:track:57eYHqwpTaG4H876McDVtD,555c7be4f519498e97a6bf62888fb0df,2026-09-03T07:19:26Z,1,,b894c6c4d3f044589c300569dbac9481
spotify:track:6AseQHOmEvgjUC72f0qR3R,555c7be4f519498e97a6bf62888fb0df,2026-09-03T07:19:26Z,1,,b894c6c4d3f044589c300569dbac9481
spotify:track:0eL49L2aiJyXMVFLtQV1Lx,026acc5a18a94f2bb1097778a32a4dae,2026-09-03T08:47:33Z,4,"Fucks sake.

This is first. I got less than a minute in and read the lyrics.

As a dog owner, this destroyed me. ",b894c6c4d3f044589c300569dbac9481
spotify:track:0p2GvgD1B9DyqF0UlvHJAX,026acc5a18a94f2bb1097778a32a4dae,2026-09-03T08:47:33Z,1,,b894c6c4d3f044589c300569dbac9481
spotify:track:0pQZMrYNcfwZbt2Zt0pjaA,026acc5a18a94f2bb1097778a32a4dae,2026-09-03T08:47:33Z,1,,b894c6c4d3f044589c300569dbac9481
spotify:track:1ANpTZZatHDu7djLoSbjSE,026acc5a18a94f2bb1097778a32a4dae,2026-09-03T08:47:33Z,1,,b894c6c4d3f044589c300569dbac9481
spotify:track:3mSOH6u8lSkU5BwVEO8xww,026acc5a18a94f2bb1097778a32a4dae,2026-09-03T08:47:33Z,1,,b894c6c4d3f044589c300569dbac9481
spotify:track:5Xak5fmy089t0FYmh3VJiY,026acc5a18a94f2bb1097778a32a4dae,2026-09-03T08:47:33Z,1,,b894c6c4d3f044589c300569dbac9481
spotify:track:6AseQHOmEvgjUC72f0qR3R,026acc5a18a94f2bb1097778a32a4dae,2026-09-03T08:47:33Z,1,,b894c6c4d3f044589c300569dbac9481
spotify:track:0eL49L2aiJyXMVFLtQV1Lx,b2fd357c852d458f8ea4fa557c68b37f,2026-09-03T11:48:34Z,4,Call me Woke but I think maybe putting the Dog into space was a little bit mean to the Dog,b894c6c4d3f044589c300569dbac9481
spotify:track:0gSEyG7pOFuHM05433EibX,b2fd357c852d458f8ea4fa557c68b37f,2026-09-03T11:48:34Z,1,,b894c6c4d3f044589c300569dbac9481
spotify:track:0p2GvgD1B9DyqF0UlvHJAX,b2fd357c852d458f8ea4fa557c68b37f,2026-09-03T11:48:34Z,1,,b894c6c4d3f044589c300569dbac9481
spotify:track:0pQZMrYNcfwZbt2Zt0pjaA,b2fd357c852d458f8ea4fa557c68b37f,2026-09-03T11:48:34Z,1,,b894c6c4d3f044589c300569dbac9481
spotify:track:25ZQZns0WZJXUlQ4c9dvWu,b2fd357c852d458f8ea4fa557c68b37f,2026-09-03T11:48:34Z,2,"One of those ones that has been used for comedy/irony enough times that the impact is a bit lessened, but devoid of that context it does absolutely hit.",b894c6c4d3f044589c300569dbac9481
spotify:track:6AseQHOmEvgjUC72f0qR3R,b2fd357c852d458f8ea4fa557c68b37f,2026-09-03T11:48:34Z,1,,b894c6c4d3f044589c300569dbac9481
spotify:track:0gSEyG7pOFuHM05433EibX,434aef1105394dc9a3b534b335e73b2a,2026-09-04T07:04:30Z,2,,b894c6c4d3f044589c300569dbac9481
spotify:track:0pQZMrYNcfwZbt2Zt0pjaA,434aef1105394dc9a3b534b335e73b2a,2026-09-04T07:04:30Z,3,,b894c6c4d3f044589c300569dbac9481
spotify:track:1ANpTZZatHDu7djLoSbjSE,434aef1105394dc9a3b534b335e73b2a,2026-09-04T07:04:30Z,1,,b894c6c4d3f044589c300569dbac9481
spotify:track:3UqHlIBI771FNCiLY5MKrp,434aef1105394dc9a3b534b335e73b2a,2026-09-04T07:04:30Z,1,,b894c6c4d3f044589c300569dbac9481
spotify:track:5Xak5fmy089t0FYmh3VJiY,434aef1105394dc9a3b534b335e73b2a,2026-09-04T07:04:30Z,2,,b894c6c4d3f044589c300569dbac9481
spotify:track:6AseQHOmEvgjUC72f0qR3R,434aef1105394dc9a3b534b335e73b2a,2026-09-04T07:04:30Z,1,,b894c6c4d3f044589c300569dbac9481
spotify:track:0gSEyG7pOFuHM05433EibX,b49a4cb5ad234418b3ff4bdfd2ab321f,2026-09-04T08:58:15Z,1,,b894c6c4d3f044589c300569dbac9481
spotify:track:1ANpTZZatHDu7djLoSbjSE,b49a4cb5ad234418b3ff4bdfd2ab321f,2026-09-04T08:58:15Z,3,,b894c6c4d3f044589c300569dbac9481
spotify:track:25ZQZns0WZJXUlQ4c9dvWu,b49a4cb5ad234418b3ff4bdfd2ab321f,2026-09-04T08:58:15Z,1,,b894c6c4d3f044589c300569dbac9481
spotify:track:57eYHqwpTaG4H876McDVtD,b49a4cb5ad234418b3ff4bdfd2ab321f,2026-09-04T08:58:15Z,1,,b894c6c4d3f044589c300569dbac9481
spotify:track:5Xak5fmy089t0FYmh3VJiY,b49a4cb5ad234418b3ff4bdfd2ab321f,2026-09-04T08:58:15Z,2,,b894c6c4d3f044589c300569dbac9481
spotify:track:6AseQHOmEvgjUC72f0qR3R,b49a4cb5ad234418b3ff4bdfd2ab321f,2026-09-04T08:58:15Z,2,,b894c6c4d3f044589c300569dbac9481
spotify:track:0gSEyG7pOFuHM05433EibX,1af891d6b3bf4540a518ddd5b310e3b9,2026-09-04T13:46:11Z,2,,b894c6c4d3f044589c300569dbac9481
spotify:track:1ANpTZZatHDu7djLoSbjSE,1af891d6b3bf4540a518ddd5b310e3b9,2026-09-04T13:46:11Z,2,,b894c6c4d3f044589c300569dbac9481
spotify:track:25ZQZns0WZJXUlQ4c9dvWu,1af891d6b3bf4540a518ddd5b310e3b9,2026-09-04T13:46:11Z,2,,b894c6c4d3f044589c300569dbac9481
spotify:track:3mSOH6u8lSkU5BwVEO8xww,1af891d6b3bf4540a518ddd5b310e3b9,2026-09-04T13:46:11Z,1,,b894c6c4d3f044589c300569dbac9481
spotify:track:3UqHlIBI771FNCiLY5MKrp,1af891d6b3bf4540a518ddd5b310e3b9,2026-09-04T13:46:11Z,1,,b894c6c4d3f044589c300569dbac9481
spotify:track:57eYHqwpTaG4H876McDVtD,1af891d6b3bf4540a518ddd5b310e3b9,2026-09-04T13:46:11Z,1,,b894c6c4d3f044589c300569dbac9481
spotify:track:5Xak5fmy089t0FYmh3VJiY,1af891d6b3bf4540a518ddd5b310e3b9,2026-09-04T13:46:11Z,1,,b894c6c4d3f044589c300569dbac9481
spotify:track:0eL49L2aiJyXMVFLtQV1Lx,c9020fb4892a4c77aaeded2efd21f9b4,2026-09-06T04:13:26Z,1,,b894c6c4d3f044589c300569dbac9481
spotify:track:0p2GvgD1B9DyqF0UlvHJAX,c9020fb4892a4c77aaeded2efd21f9b4,2026-09-06T04:13:26Z,1,,b894c6c4d3f044589c300569dbac9481
spotify:track:0pQZMrYNcfwZbt2Zt0pjaA,c9020fb4892a4c77aaeded2efd21f9b4,2026-09-06T04:13:26Z,1,,b894c6c4d3f044589c300569dbac9481
spotify:track:1ANpTZZatHDu7djLoSbjSE,c9020fb4892a4c77aaeded2efd21f9b4,2026-09-06T04:13:26Z,2,,b894c6c4d3f044589c300569dbac9481
spotify:track:25ZQZns0WZJXUlQ4c9dvWu,c9020fb4892a4c77aaeded2efd21f9b4,2026-09-06T04:13:26Z,1,,b894c6c4d3f044589c300569dbac9481
spotify:track:3mSOH6u8lSkU5BwVEO8xww,c9020fb4892a4c77aaeded2efd21f9b4,2026-09-06T04:13:26Z,2,,b894c6c4d3f044589c300569dbac9481
spotify:track:3UqHlIBI771FNCiLY5MKrp,c9020fb4892a4c77aaeded2efd21f9b4,2026-09-06T04:13:26Z,1,,b894c6c4d3f044589c300569dbac9481
spotify:track:6AseQHOmEvgjUC72f0qR3R,c9020fb4892a4c77aaeded2efd21f9b4,2026-09-06T04:13:26Z,1,,b894c6c4d3f044589c300569dbac9481
spotify:track:0eL49L2aiJyXMVFLtQV1Lx,f1c713e8e22f4674a449cc92e27d3930,2026-09-06T07:47:35Z,4,,b894c6c4d3f044589c300569dbac9481
spotify:track:0gSEyG7pOFuHM05433EibX,f1c713e8e22f4674a449cc92e27d3930,2026-09-06T07:47:35Z,1,,b894c6c4d3f044589c300569dbac9481
spotify:track:0pQZMrYNcfwZbt2Zt0pjaA,f1c713e8e22f4674a449cc92e27d3930,2026-09-06T07:47:35Z,1,,b894c6c4d3f044589c300569dbac9481
spotify:track:1ANpTZZatHDu7djLoSbjSE,f1c713e8e22f4674a449cc92e27d3930,2026-09-06T07:47:35Z,1,,b894c6c4d3f044589c300569dbac9481
spotify:track:3mSOH6u8lSkU5BwVEO8xww,f1c713e8e22f4674a449cc92e27d3930,2026-09-06T07:47:35Z,2,,b894c6c4d3f044589c300569dbac9481
spotify:track:5Xak5fmy089t0FYmh3VJiY,f1c713e8e22f4674a449cc92e27d3930,2026-09-06T07:47:35Z,1,,b894c6c4d3f044589c300569dbac9481
spotify:track:0eL49L2aiJyXMVFLtQV1Lx,ec6e845efede4f3abfce9ac2b3254ff7,2026-09-06T15:52:21Z,1,,b894c6c4d3f044589c300569dbac9481
spotify:track:0gSEyG7pOFuHM05433EibX,ec6e845efede4f3abfce9ac2b3254ff7,2026-09-06T15:52:21Z,2,,b894c6c4d3f044589c300569dbac9481
spotify:track:0p2GvgD1B9DyqF0UlvHJAX,ec6e845efede4f3abfce9ac2b3254ff7,2026-09-06T15:52:21Z,1,,b894c6c4d3f044589c300569dbac9481
spotify:track:1ANpTZZatHDu7djLoSbjSE,ec6e845efede4f3abfce9ac2b3254ff7,2026-09-06T15:52:21Z,1,,b894c6c4d3f044589c300569dbac9481
spotify:track:25ZQZns0WZJXUlQ4c9dvWu,ec6e845efede4f3abfce9ac2b3254ff7,2026-09-06T15:52:21Z,1,,b894c6c4d3f044589c300569dbac9481
spotify:track:3mSOH6u8lSkU5BwVEO8xww,ec6e845efede4f3abfce9ac2b3254ff7,2026-09-06T15:52:21Z,1,,b894c6c4d3f044589c300569dbac9481
spotify:track:3UqHlIBI771FNCiLY5MKrp,ec6e845efede4f3abfce9ac2b3254ff7,2026-09-06T15:52:21Z,1,,b894c6c4d3f044589c300569dbac9481
spotify:track:57eYHqwpTaG4H876McDVtD,ec6e845efede4f3abfce9ac2b3254ff7,2026-09-06T15:52:21Z,1,,b894c6c4d3f044589c300569dbac9481
spotify:track:6AseQHOmEvgjUC72f0qR3R,ec6e845efede4f3abfce9ac2b3254ff7,2026-09-06T15:52:21Z,1,,b894c6c4d3f044589c300569dbac9481
spotify:track:0eL49L2aiJyXMVFLtQV1Lx,e4baba279a664e01b42eb740644f095c,2026-09-06T21:24:28Z,2,"I didn't get it first time around, but subsequent listens did open me up to it. ",b894c6c4d3f044589c300569dbac9481
spotify:track:0gSEyG7pOFuHM05433EibX,e4baba279a664e01b42eb740644f095c,2026-09-06T21:24:28Z,2,"For some reason this didn't get me this time around, but it definitely has in the past. ",b894c6c4d3f044589c300569dbac9481
spotify:track:1ANpTZZatHDu7djLoSbjSE,e4baba279a664e01b42eb740644f095c,2026-09-06T21:24:28Z,3,"This made me realise how subjective sadness is. If I listen to this only for me, I can't relate, I'm lucky that this isn't one of my foibles. But my partner has suffered with this for many years and considering it from their perspective opened the door to tears. ",b894c6c4d3f044589c300569dbac9481
spotify:track:3mSOH6u8lSkU5BwVEO8xww,e4baba279a664e01b42eb740644f095c,2026-09-06T21:24:28Z,2,I've had two grandparents suffer from progressive dementia and can relate. ,b894c6c4d3f044589c300569dbac9481
spotify:track:3UqHlIBI771FNCiLY5MKrp,e4baba279a664e01b42eb740644f095c,2026-09-06T21:24:28Z,1,"I didn't know what the inciting incident behind this track at first, and without that context this song is certainly melancholy, but I didn't find it overly sad. So I thought to look it up and oh boy. ",b894c6c4d3f044589c300569dbac9481
spotify:track:0eL49L2aiJyXMVFLtQV1Lx,5d67307c492249f2b00f7b3276919ef5,2026-09-06T22:27:49Z,0,"There are a couple songs that make me cry every time, but this is the only one I avoid listening to because it just makes me so sad. Something about inescapable doom and betrayal by those you trust.",b894c6c4d3f044589c300569dbac9481
spotify:track:0p2GvgD1B9DyqF0UlvHJAX,5d67307c492249f2b00f7b3276919ef5,2026-09-06T22:27:49Z,2,,b894c6c4d3f044589c300569dbac9481
spotify:track:0pQZMrYNcfwZbt2Zt0pjaA,5d67307c492249f2b00f7b3276919ef5,2026-09-06T22:27:49Z,1,,b894c6c4d3f044589c300569dbac9481
spotify:track:1ANpTZZatHDu7djLoSbjSE,5d67307c492249f2b00f7b3276919ef5,2026-09-06T22:27:49Z,1,,b894c6c4d3f044589c300569dbac9481
spotify:track:25ZQZns0WZJXUlQ4c9dvWu,5d67307c492249f2b00f7b3276919ef5,2026-09-06T22:27:49Z,1,,b894c6c4d3f044589c300569dbac9481
spotify:track:3mSOH6u8lSkU5BwVEO8xww,5d67307c492249f2b00f7b3276919ef5,2026-09-06T22:27:49Z,1,,b894c6c4d3f044589c300569dbac9481
spotify:track:3UqHlIBI771FNCiLY5MKrp,5d67307c492249f2b00f7b3276919ef5,2026-09-06T22:27:49Z,1,,b894c6c4d3f044589c300569dbac9481
spotify:track:57eYHqwpTaG4H876McDVtD,5d67307c492249f2b00f7b3276919ef5,2026-09-06T22:27:49Z,1,"Despite the uplifting lyrics, it's hard to get away from that funerary association.",b894c6c4d3f044589c300569dbac9481
spotify:track:5Xak5fmy089t0FYmh3VJiY,5d67307c492249f2b00f7b3276919ef5,2026-09-06T22:27:49Z,1,,b894c6c4d3f044589c300569dbac9481
spotify:track:6AseQHOmEvgjUC72f0qR3R,5d67307c492249f2b00f7b3276919ef5,2026-09-06T22:27:49Z,1,,b894c6c4d3f044589c300569dbac9481
spotify:track:20fDCeRQYjGVPVXLq16JR0,c9020fb4892a4c77aaeded2efd21f9b4,2026-09-09T23:37:44Z,1,,73ca20b795fb45d4b7673550d52b64bc
spotify:track:26MZwjGnVsByFTAbbdQHjH,c9020fb4892a4c77aaeded2efd21f9b4,2026-09-09T23:37:44Z,1,,73ca20b795fb45d4b7673550d52b64bc
spotify:track:0Ja4hLKiUSw01E01pJ1yGr,c9020fb4892a4c77aaeded2efd21f9b4,2026-09-09T23:37:44Z,1,"Wow, very familiar! 😂 Twice in three rounds? Is this the first Naughty Step of the new League?",73ca20b795fb45d4b7673550d52b64bc
spotify:track:3Dq2FHZ73hBUG815MoapQu,c9020fb4892a4c77aaeded2efd21f9b4,2026-09-09T23:37:44Z,1,,73ca20b795fb45d4b7673550d52b64bc
spotify:track:41XU9KxuEhnn8r7wkL0kG5,c9020fb4892a4c77aaeded2efd21f9b4,2026-09-09T23:37:44Z,1,,73ca20b795fb45d4b7673550d52b64bc
spotify:track:4BggEwLhGfrbrl7JBhC8EC,c9020fb4892a4c77aaeded2efd21f9b4,2026-09-09T23:37:44Z,1,,73ca20b795fb45d4b7673550d52b64bc
spotify:track:5OT5dn3VwNb5U4DwRLrKJq,c9020fb4892a4c77aaeded2efd21f9b4,2026-09-09T23:37:44Z,1,,73ca20b795fb45d4b7673550d52b64bc
spotify:track:6I9VzXrHxO9rA9A5euc8Ak,c9020fb4892a4c77aaeded2efd21f9b4,2026-09-09T23:37:44Z,2,,73ca20b795fb45d4b7673550d52b64bc
spotify:track:6tC2iHfUlzB2W4ntXXL2BH,c9020fb4892a4c77aaeded2efd21f9b4,2026-09-09T23:37:44Z,1,,73ca20b795fb45d4b7673550d52b64bc
spotify:track:0Ja4hLKiUSw01E01pJ1yGr,434aef1105394dc9a3b534b335e73b2a,2026-09-10T06:11:43Z,1,,73ca20b795fb45d4b7673550d52b64bc
spotify:track:20fDCeRQYjGVPVXLq16JR0,434aef1105394dc9a3b534b335e73b2a,2026-09-10T06:11:43Z,1,,73ca20b795fb45d4b7673550d52b64bc
spotify:track:22AvpWbOtNTiem8jKDk8QO,434aef1105394dc9a3b534b335e73b2a,2026-09-10T06:11:43Z,3,,73ca20b795fb45d4b7673550d52b64bc
spotify:track:26MZwjGnVsByFTAbbdQHjH,434aef1105394dc9a3b534b335e73b2a,2026-09-10T06:11:43Z,1,,73ca20b795fb45d4b7673550d52b64bc
spotify:track:3Dq2FHZ73hBUG815MoapQu,434aef1105394dc9a3b534b335e73b2a,2026-09-10T06:11:43Z,2,,73ca20b795fb45d4b7673550d52b64bc
spotify:track:6I9VzXrHxO9rA9A5euc8Ak,434aef1105394dc9a3b534b335e73b2a,2026-09-10T06:11:43Z,1,,73ca20b795fb45d4b7673550d52b64bc
spotify:track:6tC2iHfUlzB2W4ntXXL2BH,434aef1105394dc9a3b534b335e73b2a,2026-09-10T06:11:43Z,1,,73ca20b795fb45d4b7673550d52b64bc
spotify:track:5OT5dn3VwNb5U4DwRLrKJq,026acc5a18a94f2bb1097778a32a4dae,2026-09-10T07:25:36Z,3,,73ca20b795fb45d4b7673550d52b64bc
spotify:track:41XU9KxuEhnn8r7wkL0kG5,026acc5a18a94f2bb1097778a32a4dae,2026-09-10T07:25:36Z,3,,73ca20b795fb45d4b7673550d52b64bc
spotify:track:3Dq2FHZ73hBUG815MoapQu,026acc5a18a94f2bb1097778a32a4dae,2026-09-10T07:25:36Z,2,,73ca20b795fb45d4b7673550d52b64bc
spotify:track:22AvpWbOtNTiem8jKDk8QO,026acc5a18a94f2bb1097778a32a4dae,2026-09-10T07:25:36Z,2,,73ca20b795fb45d4b7673550d52b64bc
spotify:track:41XU9KxuEhnn8r7wkL0kG5,b49a4cb5ad234418b3ff4bdfd2ab321f,2026-09-10T09:46:54Z,1,"At first I though this was going to be purely orchestral sampling, then the second half hit and I knew it was a Ben song.",73ca20b795fb45d4b7673550d52b64bc
spotify:track:6I9VzXrHxO9rA9A5euc8Ak,b49a4cb5ad234418b3ff4bdfd2ab321f,2026-09-10T09:46:54Z,2,"One of Britney's megahits, and I never realised the string bits were sampled.",73ca20b795fb45d4b7673550d52b64bc
spotify:track:6tC2iHfUlzB2W4ntXXL2BH,b49a4cb5ad234418b3ff4bdfd2ab321f,2026-09-10T09:46:54Z,2,"Still think the first album is the best Pendulum ever were, but this is absolutely a highlight of the follow-up.",73ca20b795fb45d4b7673550d52b64bc
spotify:track:01dQHUYz6EerSF6JQDolCC,b49a4cb5ad234418b3ff4bdfd2ab321f,2026-09-10T09:46:54Z,0,"Back from the good old days before Grimes went...bad? Evil? Worse weird? Not one of my favourite tracks off the album, but good to see it in the selection.",73ca20b795fb45d4b7673550d52b64bc
spotify:track:0Ja4hLKiUSw01E01pJ1yGr,b49a4cb5ad234418b3ff4bdfd2ab321f,2026-09-10T09:46:54Z,0,Should have gone with your head. NAUGHTY STEP.,73ca20b795fb45d4b7673550d52b64bc
spotify:track:20fDCeRQYjGVPVXLq16JR0,b49a4cb5ad234418b3ff4bdfd2ab321f,2026-09-10T09:46:54Z,1,"Reminds me of the 1930s swing-sample craze that happened after ""DOOP"" was a hit in the early 90s.",73ca20b795fb45d4b7673550d52b64bc
spotify:track:26MZwjGnVsByFTAbbdQHjH,b49a4cb5ad234418b3ff4bdfd2ab321f,2026-09-10T09:46:54Z,0,"Damn it, I should have submitted Neil too. Far too many great ones to choose from though.",73ca20b795fb45d4b7673550d52b64bc
spotify:track:3Dq2FHZ73hBUG815MoapQu,b49a4cb5ad234418b3ff4bdfd2ab321f,2026-09-10T09:46:54Z,1,"When sampling goes all the way to: ""Covering the song but with different lyrics"". Still great though and from when Will Smith was king of the world.",73ca20b795fb45d4b7673550d52b64bc
spotify:track:3FUlqltjiMMJdyEPaYAUqK,b49a4cb5ad234418b3ff4bdfd2ab321f,2026-09-10T09:46:54Z,0,This is the only one I actively dislike on here. Nil. Zero. ,73ca20b795fb45d4b7673550d52b64bc
spotify:track:4BggEwLhGfrbrl7JBhC8EC,b49a4cb5ad234418b3ff4bdfd2ab321f,2026-09-10T09:46:54Z,3,"I don't care if it makes me uncool, I like it.",73ca20b795fb45d4b7673550d52b64bc
spotify:track:0Ja4hLKiUSw01E01pJ1yGr,b2fd357c852d458f8ea4fa557c68b37f,2026-09-10T15:58:18Z,0,"NAUGHTY STEP

Still a banger tho, may you find forgiveness in heaven.",73ca20b795fb45d4b7673550d52b64bc
spotify:track:20fDCeRQYjGVPVXLq16JR0,b2fd357c852d458f8ea4fa557c68b37f,2026-09-10T15:58:18Z,2,Doo doo do do do doo doo doo do doo do 🎵,73ca20b795fb45d4b7673550d52b64bc
spotify:track:22AvpWbOtNTiem8jKDk8QO,b2fd357c852d458f8ea4fa557c68b37f,2026-09-10T15:58:18Z,1,"KANO
LIU KANG
RAIDEN
JOHNNY CAGE
SCORPION
SUB-ZERO
SONYA

Yeah I kept expecting to hear the vocals from the Mortal Kombat theme for some reason. Feel free to enhance your experience by adding these yourself as I did.",73ca20b795fb45d4b7673550d52b64bc
spotify:track:6I9VzXrHxO9rA9A5euc8Ak,b2fd357c852d458f8ea4fa557c68b37f,2026-09-10T15:58:18Z,1,"It's motherfucking Toxic, what could possibly be said",73ca20b795fb45d4b7673550d52b64bc
spotify:track:6tC2iHfUlzB2W4ntXXL2BH,b2fd357c852d458f8ea4fa557c68b37f,2026-09-10T15:58:18Z,0,"NAUGHTY STEP

Unfortunate, because what a banger, but alas, may you one day find peace in your heart.",73ca20b795fb45d4b7673550d52b64bc
spotify:track:5OT5dn3VwNb5U4DwRLrKJq,b2fd357c852d458f8ea4fa557c68b37f,2026-09-10T15:58:18Z,1,,73ca20b795fb45d4b7673550d52b64bc
spotify:track:4BggEwLhGfrbrl7JBhC8EC,b2fd357c852d458f8ea4fa557c68b37f,2026-09-10T15:58:18Z,4,"Remember when the Devil May Cry show did a needle drop for this track for a character called Lady, absolutely hilarious, Homes Under The Hammer levels of word association music drops. Anyway, banger track.",73ca20b795fb45d4b7673550d52b64bc
spotify:track:3Dq2FHZ73hBUG815MoapQu,b2fd357c852d458f8ea4fa557c68b37f,2026-09-10T15:58:18Z,1,,73ca20b795fb45d4b7673550d52b64bc
spotify:track:26MZwjGnVsByFTAbbdQHjH,b2fd357c852d458f8ea4fa557c68b37f,2026-09-10T15:58:18Z,0,"A whopping 16 composite peices listed on whosampled dot com, excellent work Neil.",73ca20b795fb45d4b7673550d52b64bc
spotify:track:20fDCeRQYjGVPVXLq16JR0,f1c713e8e22f4674a449cc92e27d3930,2026-09-10T19:50:59Z,0,"You could ask for a whosampled list, but if you're seeing this comment just go look it up yourselves!",73ca20b795fb45d4b7673550d52b64bc
spotify:track:01dQHUYz6EerSF6JQDolCC,f1c713e8e22f4674a449cc92e27d3930,2026-09-10T19:50:59Z,2,I don't think I've ever consciously listened to Grimes. I might be missing out.,73ca20b795fb45d4b7673550d52b64bc
spotify:track:0Ja4hLKiUSw01E01pJ1yGr,f1c713e8e22f4674a449cc92e27d3930,2026-09-10T19:50:59Z,1,Sympathy point for a naughty stepper submitting a banger,73ca20b795fb45d4b7673550d52b64bc
spotify:track:26MZwjGnVsByFTAbbdQHjH,f1c713e8e22f4674a449cc92e27d3930,2026-09-10T19:50:59Z,2,"I was THIS CLOSE to submitting Bustin in my ongoing campaign to rank bottom, so have some points",73ca20b795fb45d4b7673550d52b64bc
spotify:track:3Dq2FHZ73hBUG815MoapQu,f1c713e8e22f4674a449cc92e27d3930,2026-09-10T19:50:59Z,2,"Of all the promise the Willennium held, this has to be the zenith",73ca20b795fb45d4b7673550d52b64bc
spotify:track:3FUlqltjiMMJdyEPaYAUqK,f1c713e8e22f4674a449cc92e27d3930,2026-09-10T19:50:59Z,0,"Hey when the comments are revealed @ me directly and I'll apologise for no points, because this is a banger BUT it feels more like a cover. No seriously! @ me, you coward!",73ca20b795fb45d4b7673550d52b64bc
spotify:track:6I9VzXrHxO9rA9A5euc8Ak,f1c713e8e22f4674a449cc92e27d3930,2026-09-10T19:50:59Z,2,"Genuinely learned something about a good tune. Thanks, <user>!",73ca20b795fb45d4b7673550d52b64bc
spotify:track:6tC2iHfUlzB2W4ntXXL2BH,f1c713e8e22f4674a449cc92e27d3930,2026-09-10T19:50:59Z,1,Sympathy point for a naughty stepper submitting a banger,73ca20b795fb45d4b7673550d52b64bc
spotify:track:0Ja4hLKiUSw01E01pJ1yGr,1af891d6b3bf4540a518ddd5b310e3b9,2026-09-11T12:28:15Z,0,Naughty step! What a track tho.,73ca20b795fb45d4b7673550d52b64bc
spotify:track:20fDCeRQYjGVPVXLq16JR0,1af891d6b3bf4540a518ddd5b310e3b9,2026-09-11T12:28:15Z,2,,73ca20b795fb45d4b7673550d52b64bc
spotify:track:22AvpWbOtNTiem8jKDk8QO,1af891d6b3bf4540a518ddd5b310e3b9,2026-09-11T12:28:15Z,1,,73ca20b795fb45d4b7673550d52b64bc
spotify:track:26MZwjGnVsByFTAbbdQHjH,1af891d6b3bf4540a518ddd5b310e3b9,2026-09-11T12:28:15Z,1,,73ca20b795fb45d4b7673550d52b64bc
spotify:track:3FUlqltjiMMJdyEPaYAUqK,1af891d6b3bf4540a518ddd5b310e3b9,2026-09-11T12:28:15Z,1,,73ca20b795fb45d4b7673550d52b64bc
spotify:track:41XU9KxuEhnn8r7wkL0kG5,1af891d6b3bf4540a518ddd5b310e3b9,2026-09-11T12:28:15Z,1,,73ca20b795fb45d4b7673550d52b64bc
spotify:track:4BggEwLhGfrbrl7JBhC8EC,1af891d6b3bf4540a518ddd5b310e3b9,2026-09-11T12:28:15Z,1,,73ca20b795fb45d4b7673550d52b64bc
spotify:track:5OT5dn3VwNb5U4DwRLrKJq,1af891d6b3bf4540a518ddd5b310e3b9,2026-09-11T12:28:15Z,3,Love this.,73ca20b795fb45d4b7673550d52b64bc
spotify:track:6tC2iHfUlzB2W4ntXXL2BH,1af891d6b3bf4540a518ddd5b310e3b9,2026-09-11T12:28:15Z,0,Naughty step!,73ca20b795fb45d4b7673550d52b64bc
spotify:track:0Ja4hLKiUSw01E01pJ1yGr,ec6e845efede4f3abfce9ac2b3254ff7,2026-09-11T12:49:18Z,0,"Uh oh, is this a naughty step track",73ca20b795fb45d4b7673550d52b64bc
spotify:track:20fDCeRQYjGVPVXLq16JR0,ec6e845efede4f3abfce9ac2b3254ff7,2026-09-11T12:49:18Z,2,,73ca20b795fb45d4b7673550d52b64bc
spotify:track:41XU9KxuEhnn8r7wkL0kG5,ec6e845efede4f3abfce9ac2b3254ff7,2026-09-11T12:49:18Z,2,,73ca20b795fb45d4b7673550d52b64bc
spotify:track:4BggEwLhGfrbrl7JBhC8EC,ec6e845efede4f3abfce9ac2b3254ff7,2026-09-11T12:49:18Z,2,,73ca20b795fb45d4b7673550d52b64bc
spotify:track:5OT5dn3VwNb5U4DwRLrKJq,ec6e845efede4f3abfce9ac2b3254ff7,2026-09-11T12:49:18Z,2,,73ca20b795fb45d4b7673550d52b64bc
spotify:track:6I9VzXrHxO9rA9A5euc8Ak,ec6e845efede4f3abfce9ac2b3254ff7,2026-09-11T12:49:18Z,2,Fantastic sampling!,73ca20b795fb45d4b7673550d52b64bc
spotify:track:6tC2iHfUlzB2W4ntXXL2BH,ec6e845efede4f3abfce9ac2b3254ff7,2026-09-11T12:49:18Z,0,"Hurts not to give this any points, but I don’t see the sample used being instrumental to what this song is or what it achieves with it.

Google says it’s “Million Miles From Home” by Dune",73ca20b795fb45d4b7673550d52b64bc
spotify:track:01dQHUYz6EerSF6JQDolCC,5d67307c492249f2b00f7b3276919ef5,2026-09-11T17:03:44Z,0,If a mouse were a popstar this is what it would sound like 🐭,73ca20b795fb45d4b7673550d52b64bc
spotify:track:0Ja4hLKiUSw01E01pJ1yGr,5d67307c492249f2b00f7b3276919ef5,2026-09-11T17:03:44Z,1,Naughty but I do appreciate the breakdown of all the samples,73ca20b795fb45d4b7673550d52b64bc
spotify:track:20fDCeRQYjGVPVXLq16JR0,5d67307c492249f2b00f7b3276919ef5,2026-09-11T17:03:44Z,2,,73ca20b795fb45d4b7673550d52b64bc
spotify:track:26MZwjGnVsByFTAbbdQHjH,5d67307c492249f2b00f7b3276919ef5,2026-09-11T17:03:44Z,1,"It was only a matter of time. I think a mashup could be considered different from sampling, but points nonetheless.",73ca20b795fb45d4b7673550d52b64bc
spotify:track:3Dq2FHZ73hBUG815MoapQu,5d67307c492249f2b00f7b3276919ef5,2026-09-11T17:03:44Z,1,"Ah, good ol 90's Will Smith.

Neil Ciciriega (of 'Shit' fame) does a great remix of this.",73ca20b795fb45d4b7673550d52b64bc
spotify:track:3FUlqltjiMMJdyEPaYAUqK,5d67307c492249f2b00f7b3276919ef5,2026-09-11T17:03:44Z,1,"I do like this kind of sampling, where it's used kind of as a songwiting starter than just a clip.",73ca20b795fb45d4b7673550d52b64bc
spotify:track:41XU9KxuEhnn8r7wkL0kG5,5d67307c492249f2b00f7b3276919ef5,2026-09-11T17:03:44Z,1,,73ca20b795fb45d4b7673550d52b64bc
spotify:track:5OT5dn3VwNb5U4DwRLrKJq,5d67307c492249f2b00f7b3276919ef5,2026-09-11T17:03:44Z,3,Awesome stuff! I'll keep WhoSampled in mind for the future too.,73ca20b795fb45d4b7673550d52b64bc
spotify:track:6tC2iHfUlzB2W4ntXXL2BH,5d67307c492249f2b00f7b3276919ef5,2026-09-11T17:03:44Z,0,"I love it, but...",73ca20b795fb45d4b7673550d52b64bc
spotify:track:3Dq2FHZ73hBUG815MoapQu,555c7be4f519498e97a6bf62888fb0df,2026-09-12T15:16:45Z,10,CHAOS REIGNS,73ca20b795fb45d4b7673550d52b64bc
spotify:track:01dQHUYz6EerSF6JQDolCC,e4baba279a664e01b42eb740644f095c,2026-09-13T18:47:02Z,1,,73ca20b795fb45d4b7673550d52b64bc
spotify:track:20fDCeRQYjGVPVXLq16JR0,e4baba279a664e01b42eb740644f095c,2026-09-13T18:47:02Z,2,,73ca20b795fb45d4b7673550d52b64bc
spotify:track:22AvpWbOtNTiem8jKDk8QO,e4baba279a664e01b42eb740644f095c,2026-09-13T18:47:02Z,0,"If I'm honest, it's the vocals that put me off this.",73ca20b795fb45d4b7673550d52b64bc
spotify:track:26MZwjGnVsByFTAbbdQHjH,e4baba279a664e01b42eb740644f095c,2026-09-13T18:47:02Z,0,"I dunno man. Granted, this exceeds the entry criteria for samples, but this really wound me up. ",73ca20b795fb45d4b7673550d52b64bc
spotify:track:41XU9KxuEhnn8r7wkL0kG5,e4baba279a664e01b42eb740644f095c,2026-09-13T18:47:02Z,4,"This scratches a prog itch for me, really weird in a great way. ",73ca20b795fb45d4b7673550d52b64bc
spotify:track:4BggEwLhGfrbrl7JBhC8EC,e4baba279a664e01b42eb740644f095c,2026-09-13T18:47:02Z,0,"Sad about the naughty step, else this would've earned some points. ",73ca20b795fb45d4b7673550d52b64bc
spotify:track:5OT5dn3VwNb5U4DwRLrKJq,e4baba279a664e01b42eb740644f095c,2026-09-13T18:47:02Z,1,,73ca20b795fb45d4b7673550d52b64bc
spotify:track:6I9VzXrHxO9rA9A5euc8Ak,e4baba279a664e01b42eb740644f095c,2026-09-13T18:47:02Z,2,This is one of the few Britney songs I have always gotten on with and I think the sample is a factor. ,73ca20b795fb45d4b7673550d52b64bc
spotify:track:6tC2iHfUlzB2W4ntXXL2BH,e4baba279a664e01b42eb740644f095c,2026-09-13T18:47:02Z,0,"Damn naughty step, I forgot about this one, should've checked the records beforehand. It appears it won Gav the driving fast round, though, so there's that. ",73ca20b795fb45d4b7673550d52b64bc
spotify:track:7CpbhqKUedOIrcvc94p60Y,c9020fb4892a4c77aaeded2efd21f9b4,2026-09-17T02:44:59Z,1,An obvious but cromulent pick.,16c9ede7e86349b2b43175e9e67f0181
spotify:track:72Z17vmmeQKAg8bptWvpVG,c9020fb4892a4c77aaeded2efd21f9b4,2026-09-17T02:44:59Z,2,"I planned on not listening to this track for the voting, we've all heard it a thousand times or more, but then it started and I couldn't not. That must get some votes.",16c9ede7e86349b2b43175e9e67f0181
spotify:track:686yqNrspnXm4gC5ZfXV5c,c9020fb4892a4c77aaeded2efd21f9b4,2026-09-17T02:44:59Z,1,A beautifully self referential list. Very RegFeats,16c9ede7e86349b2b43175e9e67f0181
spotify:track:3neSv9iUBt7UAKQNzRlH4b,c9020fb4892a4c77aaeded2efd21f9b4,2026-09-17T02:44:59Z,1,Sorry but this is only the second best counting song from Sesame Street on the list,16c9ede7e86349b2b43175e9e67f0181
spotify:track:3SFXsFpeGmBTtQvKiwYMDA,c9020fb4892a4c77aaeded2efd21f9b4,2026-09-17T02:44:59Z,1,The classic pick,16c9ede7e86349b2b43175e9e67f0181
spotify:track:3Xyg9xN6RMzpcM95KVO7t8,c9020fb4892a4c77aaeded2efd21f9b4,2026-09-17T02:44:59Z,4,The nostalgia hitting like a freaking freight train with this one. I thought we were about to get a Naughty Step but no. Well played!,16c9ede7e86349b2b43175e9e67f0181
spotify:track:72Z17vmmeQKAg8bptWvpVG,ec6e845efede4f3abfce9ac2b3254ff7,2026-09-17T07:30:41Z,3,,16c9ede7e86349b2b43175e9e67f0181
spotify:track:3SFXsFpeGmBTtQvKiwYMDA,ec6e845efede4f3abfce9ac2b3254ff7,2026-09-17T07:30:41Z,3,A lot of air guitar was played to this when I was a wee lad,16c9ede7e86349b2b43175e9e67f0181
spotify:track:0whmIaItqkT8e5PVuPyhvT,ec6e845efede4f3abfce9ac2b3254ff7,2026-09-17T07:30:41Z,4,Absolute banger,16c9ede7e86349b2b43175e9e67f0181
spotify:track:3neSv9iUBt7UAKQNzRlH4b,026acc5a18a94f2bb1097778a32a4dae,2026-09-17T08:15:49Z,2,*Two* Sesame Street songs? You're not getting marked down for that. Good job.,16c9ede7e86349b2b43175e9e67f0181
spotify:track:686yqNrspnXm4gC5ZfXV5c,026acc5a18a94f2bb1097778a32a4dae,2026-09-17T08:15:49Z,2,Good second choice. I appreciated this a lot more than I thought I might.,16c9ede7e86349b2b43175e9e67f0181
spotify:track:72Z17vmmeQKAg8bptWvpVG,026acc5a18a94f2bb1097778a32a4dae,2026-09-17T08:15:49Z,0,"If you didn't vote for this, everyone knows you hate David Bowie now. Happy?",16c9ede7e86349b2b43175e9e67f0181
spotify:track:0zewUY3RSh8yaV7q66Okem,026acc5a18a94f2bb1097778a32a4dae,2026-09-17T08:15:49Z,2,,16c9ede7e86349b2b43175e9e67f0181
spotify:track:11pqhIGxsG4J50cKSUlVtj,026acc5a18a94f2bb1097778a32a4dae,2026-09-17T08:15:49Z,2,,16c9ede7e86349b2b43175e9e67f0181
spotify:track:3Xyg9xN6RMzpcM95KVO7t8,026acc5a18a94f2bb1097778a32a4dae,2026-09-17T08:15:49Z,2,*Two* Sesame Street songs? You're not getting marked down for that. Good job.,16c9ede7e86349b2b43175e9e67f0181
spotify:track:3Xyg9xN6RMzpcM95KVO7t8,b203b8be5e7947d5835b05e671bbc328,2026-09-17T08:29:55Z,4,This is fucking weird but so enjoyable in the best way ,16c9ede7e86349b2b43175e9e67f0181
spotify:track:686yqNrspnXm4gC5ZfXV5c,b203b8be5e7947d5835b05e671bbc328,2026-09-17T08:29:55Z,0,This is fun and funny until right at the end and then it takes a turn,16c9ede7e86349b2b43175e9e67f0181
spotify:track:0whmIaItqkT8e5PVuPyhvT,b203b8be5e7947d5835b05e671bbc328,2026-09-17T08:29:55Z,2,"Fun song, but I associate it with some fashion advert I get on ITV ",16c9ede7e86349b2b43175e9e67f0181
spotify:track:3SFXsFpeGmBTtQvKiwYMDA,b203b8be5e7947d5835b05e671bbc328,2026-09-17T08:29:55Z,2,,16c9ede7e86349b2b43175e9e67f0181
spotify:track:3neSv9iUBt7UAKQNzRlH4b,b203b8be5e7947d5835b05e671bbc328,2026-09-17T08:29:55Z,1,,16c9ede7e86349b2b43175e9e67f0181
spotify:track:11pqhIGxsG4J50cKSUlVtj,b203b8be5e7947d5835b05e671bbc328,2026-09-17T08:29:55Z,1,,16c9ede7e86349b2b43175e9e67f0181
spotify:track:7CpbhqKUedOIrcvc94p60Y,1af891d6b3bf4540a518ddd5b310e3b9,2026-09-17T09:09:00Z,1,,16c9ede7e86349b2b43175e9e67f0181
spotify:track:72Z17vmmeQKAg8bptWvpVG,1af891d6b3bf4540a518ddd5b310e3b9,2026-09-17T09:09:00Z,2,,16c9ede7e86349b2b43175e9e67f0181
spotify:track:4kDQIutfLTZT67tR2709lZ,1af891d6b3bf4540a518ddd5b310e3b9,2026-09-17T09:09:00Z,2,,16c9ede7e86349b2b43175e9e67f0181
spotify:track:3SFXsFpeGmBTtQvKiwYMDA,1af891d6b3bf4540a518ddd5b310e3b9,2026-09-17T09:09:00Z,1,,16c9ede7e86349b2b43175e9e67f0181
spotify:track:3gVhsZtseYtY1fMuyYq06F,1af891d6b3bf4540a518ddd5b310e3b9,2026-09-17T09:09:00Z,2,,16c9ede7e86349b2b43175e9e67f0181
spotify:track:11pqhIGxsG4J50cKSUlVtj,1af891d6b3bf4540a518ddd5b310e3b9,2026-09-17T09:09:00Z,1,,16c9ede7e86349b2b43175e9e67f0181
spotify:track:0zewUY3RSh8yaV7q66Okem,1af891d6b3bf4540a518ddd5b310e3b9,2026-09-17T09:09:00Z,1,,16c9ede7e86349b2b43175e9e67f0181
spotify:track:72Z17vmmeQKAg8bptWvpVG,b2fd357c852d458f8ea4fa557c68b37f,2026-09-17T11:51:40Z,1,,16c9ede7e86349b2b43175e9e67f0181
spotify:track:3gVhsZtseYtY1fMuyYq06F,b2fd357c852d458f8ea4fa557c68b37f,2026-09-17T11:51:40Z,2,,16c9ede7e86349b2b43175e9e67f0181
spotify:track:7CpbhqKUedOIrcvc94p60Y,b2fd357c852d458f8ea4fa557c68b37f,2026-09-17T11:51:40Z,2,,16c9ede7e86349b2b43175e9e67f0181
spotify:track:0whmIaItqkT8e5PVuPyhvT,b2fd357c852d458f8ea4fa557c68b37f,2026-09-17T11:51:40Z,3,,16c9ede7e86349b2b43175e9e67f0181
spotify:track:0zewUY3RSh8yaV7q66Okem,b2fd357c852d458f8ea4fa557c68b37f,2026-09-17T11:51:40Z,1,,16c9ede7e86349b2b43175e9e67f0181
spotify:track:11pqhIGxsG4J50cKSUlVtj,b2fd357c852d458f8ea4fa557c68b37f,2026-09-17T11:51:40Z,1,,16c9ede7e86349b2b43175e9e67f0181
spotify:track:72Z17vmmeQKAg8bptWvpVG,b49a4cb5ad234418b3ff4bdfd2ab321f,2026-09-17T13:51:49Z,1,"It's one of the greatest songs of all time, but in the counting round, it's up against Sesame Street and it's going to come up short.",16c9ede7e86349b2b43175e9e67f0181
spotify:track:3neSv9iUBt7UAKQNzRlH4b,b49a4cb5ad234418b3ff4bdfd2ab321f,2026-09-17T13:51:49Z,3,Matches the brief perfectly and would have scored higher if not for the other Sesame Street entry.,16c9ede7e86349b2b43175e9e67f0181
spotify:track:3SFXsFpeGmBTtQvKiwYMDA,b49a4cb5ad234418b3ff4bdfd2ab321f,2026-09-17T13:51:49Z,0,"Look, I'm a big fan of The Offspring and stuck with them all this time but there's not enough counting in this to carry it for this round.",16c9ede7e86349b2b43175e9e67f0181
spotify:track:3Xyg9xN6RMzpcM95KVO7t8,b49a4cb5ad234418b3ff4bdfd2ab321f,2026-09-17T13:51:49Z,3,"Fuck, I wish I'd submitted this.",16c9ede7e86349b2b43175e9e67f0181
spotify:track:686yqNrspnXm4gC5ZfXV5c,b49a4cb5ad234418b3ff4bdfd2ab321f,2026-09-17T13:51:49Z,0,"The first time I heard this song it was live and Nick managed to extend it out to about ten minutes, so it was in fact a very long song as intimated in the lyrics.",16c9ede7e86349b2b43175e9e67f0181
spotify:track:7CpbhqKUedOIrcvc94p60Y,b49a4cb5ad234418b3ff4bdfd2ab321f,2026-09-17T13:51:49Z,0,This may be the first time I've ever actually listened through the whole song in full.,16c9ede7e86349b2b43175e9e67f0181
spotify:track:0whmIaItqkT8e5PVuPyhvT,b49a4cb5ad234418b3ff4bdfd2ab321f,2026-09-17T13:51:49Z,1,Taking me back to my university days. Banger club tune. Counting is continuous throughout. Thumbs up.,16c9ede7e86349b2b43175e9e67f0181
spotify:track:0zewUY3RSh8yaV7q66Okem,b49a4cb5ad234418b3ff4bdfd2ab321f,2026-09-17T13:51:49Z,0,"""Pretty Odd"" is the only PATD album I've ever liked and owned, though this song isn't too bad.",16c9ede7e86349b2b43175e9e67f0181
spotify:track:11pqhIGxsG4J50cKSUlVtj,b49a4cb5ad234418b3ff4bdfd2ab321f,2026-09-17T13:51:49Z,1,Funk and a heavy drumbeat. Love it.,16c9ede7e86349b2b43175e9e67f0181
spotify:track:3gVhsZtseYtY1fMuyYq06F,b49a4cb5ad234418b3ff4bdfd2ab321f,2026-09-17T13:51:49Z,1,This was going to be my choice. I adore Rammstein and this is one of their all-time best.,16c9ede7e86349b2b43175e9e67f0181
spotify:track:0zewUY3RSh8yaV7q66Okem,555c7be4f519498e97a6bf62888fb0df,2026-09-17T13:57:43Z,1,,16c9ede7e86349b2b43175e9e67f0181
spotify:track:7CpbhqKUedOIrcvc94p60Y,555c7be4f519498e97a6bf62888fb0df,2026-09-17T13:57:43Z,3,,16c9ede7e86349b2b43175e9e67f0181
spotify:track:686yqNrspnXm4gC5ZfXV5c,555c7be4f519498e97a6bf62888fb0df,2026-09-17T13:57:43Z,1,,16c9ede7e86349b2b43175e9e67f0181
spotify:track:3SFXsFpeGmBTtQvKiwYMDA,555c7be4f519498e97a6bf62888fb0df,2026-09-17T13:57:43Z,2,,16c9ede7e86349b2b43175e9e67f0181
spotify:track:3gVhsZtseYtY1fMuyYq06F,555c7be4f519498e97a6bf62888fb0df,2026-09-17T13:57:43Z,3,,16c9ede7e86349b2b43175e9e67f0181
spotify:track:3neSv9iUBt7UAKQNzRlH4b,f1c713e8e22f4674a449cc92e27d3930,2026-09-17T14:59:19Z,2,Comrades from the Street,16c9ede7e86349b2b43175e9e67f0181
spotify:track:3gVhsZtseYtY1fMuyYq06F,f1c713e8e22f4674a449cc92e27d3930,2026-09-17T14:59:19Z,2,"Rammstein is almost a guaranteed point, and an extra one for dodging Links 2 3 4 and also reminding me of my favourite video of a gig I attended: https://www.tiktok.com/@jdaws1917/video/7383837867585408289",16c9ede7e86349b2b43175e9e67f0181
spotify:track:7CpbhqKUedOIrcvc94p60Y,f1c713e8e22f4674a449cc92e27d3930,2026-09-17T14:59:19Z,2,"I CAN ONLY COUNT TO FOUR, etc",16c9ede7e86349b2b43175e9e67f0181
spotify:track:72Z17vmmeQKAg8bptWvpVG,f1c713e8e22f4674a449cc92e27d3930,2026-09-17T14:59:19Z,2,Thanks Bowie and thanks Fritz Lang,16c9ede7e86349b2b43175e9e67f0181
spotify:track:3Xyg9xN6RMzpcM95KVO7t8,f1c713e8e22f4674a449cc92e27d3930,2026-09-17T14:59:19Z,0,Sorry everybody,16c9ede7e86349b2b43175e9e67f0181
spotify:track:3SFXsFpeGmBTtQvKiwYMDA,f1c713e8e22f4674a449cc92e27d3930,2026-09-17T14:59:19Z,2,Why do they repeat cinco? Because siete doesn't rhyme with tres,16c9ede7e86349b2b43175e9e67f0181
spotify:track:0zewUY3RSh8yaV7q66Okem,e4baba279a664e01b42eb740644f095c,2026-09-19T11:09:30Z,2,"This surprised me, it's pretty good! ",16c9ede7e86349b2b43175e9e67f0181
spotify:track:11pqhIGxsG4J50cKSUlVtj,e4baba279a664e01b42eb740644f095c,2026-09-19T11:09:30Z,1,It's in the name. ,16c9ede7e86349b2b43175e9e67f0181
spotify:track:3gVhsZtseYtY1fMuyYq06F,e4baba279a664e01b42eb740644f095c,2026-09-19T11:09:30Z,2,This is the stand-out to me and there's no denying the counting in this! ,16c9ede7e86349b2b43175e9e67f0181
spotify:track:3neSv9iUBt7UAKQNzRlH4b,e4baba279a664e01b42eb740644f095c,2026-09-19T11:09:30Z,1,"Polka, everyone's ... favourite? ",16c9ede7e86349b2b43175e9e67f0181
spotify:track:3SFXsFpeGmBTtQvKiwYMDA,e4baba279a664e01b42eb740644f095c,2026-09-19T11:09:30Z,0,"Sorry, but this track has always irritated me. As a result it'd need to do something more integral / special with the counting to be in consideration and unfortunately it's actually one of the weakest on that front. ",16c9ede7e86349b2b43175e9e67f0181
spotify:track:3Xyg9xN6RMzpcM95KVO7t8,e4baba279a664e01b42eb740644f095c,2026-09-19T11:09:30Z,1,This is some fun freeform jazz nonsense! ,16c9ede7e86349b2b43175e9e67f0181
spotify:track:4kDQIutfLTZT67tR2709lZ,e4baba279a664e01b42eb740644f095c,2026-09-19T11:09:30Z,0,Both heavier and proggier than I would've submitted had I found anything else. ,16c9ede7e86349b2b43175e9e67f0181
spotify:track:686yqNrspnXm4gC5ZfXV5c,e4baba279a664e01b42eb740644f095c,2026-09-19T11:09:30Z,1,"If this was maybe a minute shorter and didn't devote 2 reasons to repeating the words Devon and Heaven over and over, this might've gotten more points.
Also, I've never known the name of this guy, now I can look him up, so thanks! ",16c9ede7e86349b2b43175e9e67f0181
spotify:track:72Z17vmmeQKAg8bptWvpVG,e4baba279a664e01b42eb740644f095c,2026-09-19T11:09:30Z,1,David Bowie duly considered. ,16c9ede7e86349b2b43175e9e67f0181
spotify:track:7CpbhqKUedOIrcvc94p60Y,e4baba279a664e01b42eb740644f095c,2026-09-19T11:09:30Z,1,I forgot about the pre-chorus to this. Not sure what he's counting or why though ... ,16c9ede7e86349b2b43175e9e67f0181
spotify:track:3SFXsFpeGmBTtQvKiwYMDA,5d67307c492249f2b00f7b3276919ef5,2026-09-19T20:48:34Z,3,,16c9ede7e86349b2b43175e9e67f0181
spotify:track:3Xyg9xN6RMzpcM95KVO7t8,5d67307c492249f2b00f7b3276919ef5,2026-09-19T20:48:34Z,2,,16c9ede7e86349b2b43175e9e67f0181
spotify:track:7CpbhqKUedOIrcvc94p60Y,5d67307c492249f2b00f7b3276919ef5,2026-09-19T20:48:34Z,1,,16c9ede7e86349b2b43175e9e67f0181
spotify:track:72Z17vmmeQKAg8bptWvpVG,5d67307c492249f2b00f7b3276919ef5,2026-09-19T20:48:34Z,1,,16c9ede7e86349b2b43175e9e67f0181
spotify:track:686yqNrspnXm4gC5ZfXV5c,5d67307c492249f2b00f7b3276919ef5,2026-09-19T20:48:34Z,2,,16c9ede7e86349b2b43175e9e67f0181
spotify:track:4kDQIutfLTZT67tR2709lZ,5d67307c492249f2b00f7b3276919ef5,2026-09-19T20:48:34Z,1,This is going to worm its way into my head whether I like it or not,16c9ede7e86349b2b43175e9e67f0181
spotify:track:0qT0IR9vs9QuXoGjIKUTla,c9020fb4892a4c77aaeded2efd21f9b4,2026-09-24T00:56:23Z,0,"I know we're here for bass lines, riffs and generally not the vocals, but his voice really put me off, I am sorry.",1466bb544ba84cf4a2f5cc0311519c35
spotify:track:0tZ3mElWcr74OOhKEiNz1x,c9020fb4892a4c77aaeded2efd21f9b4,2026-09-24T00:56:23Z,2,Stone cold classic,1466bb544ba84cf4a2f5cc0311519c35
spotify:track:0VLdJcQUsqHBBwqPp4CIKJ,c9020fb4892a4c77aaeded2efd21f9b4,2026-09-24T00:56:23Z,0,"This round really wants ""Stank Face (positive)"" but RHCP always gives me ""Stank Face (negative)""",1466bb544ba84cf4a2f5cc0311519c35
spotify:track:17H3w82ezx4QYYH6WnMmfr,c9020fb4892a4c77aaeded2efd21f9b4,2026-09-24T00:56:23Z,1,I was very ready for this to be about priests but no it is actually talking about the birds.,1466bb544ba84cf4a2f5cc0311519c35
spotify:track:3DwBYsyhVlcNHRqzlN5m8E,c9020fb4892a4c77aaeded2efd21f9b4,2026-09-24T00:56:23Z,0,Kenrod Basilica would love this,1466bb544ba84cf4a2f5cc0311519c35
spotify:track:3xkUip4nnHw9SqrgDUV5I4,c9020fb4892a4c77aaeded2efd21f9b4,2026-09-24T00:56:23Z,1,Classic metal vibes for sure. 20-year-old me would have been all over this. I'm saying that a lot this round. A young person round for sure.,1466bb544ba84cf4a2f5cc0311519c35
spotify:track:42GP0xKtkolBnmqQRvSllO,c9020fb4892a4c77aaeded2efd21f9b4,2026-09-24T00:56:23Z,1,It's definitely trying very hard to make me stank face,1466bb544ba84cf4a2f5cc0311519c35
spotify:track:4evJYiyxBkHcYvljAXNWZo,c9020fb4892a4c77aaeded2efd21f9b4,2026-09-24T00:56:23Z,1,"I'm with you, even this when it's just Groll singing sounds like all the rest of their songs. The duety bits of this are alright. But I don't even like the ""usual suspects"" of the Foo Fighters songs.",1466bb544ba84cf4a2f5cc0311519c35
spotify:track:4tfr03fY5utaTp4FJUcMui,c9020fb4892a4c77aaeded2efd21f9b4,2026-09-24T00:56:23Z,2,Still don't think I ever beat this level,1466bb544ba84cf4a2f5cc0311519c35
spotify:track:5uY09iNy8MjLon6QrxjTsF,c9020fb4892a4c77aaeded2efd21f9b4,2026-09-24T00:56:23Z,2,I would have loved this 20 years ago when prog rock was my jam. Good to hear some non-Western voices and influences in the playlist though! Always a pleasure.,1466bb544ba84cf4a2f5cc0311519c35
spotify:track:0tZ3mElWcr74OOhKEiNz1x,ec6e845efede4f3abfce9ac2b3254ff7,2026-09-24T07:06:12Z,2,Stank face definitely achieved with this one,1466bb544ba84cf4a2f5cc0311519c35
spotify:track:0VLdJcQUsqHBBwqPp4CIKJ,ec6e845efede4f3abfce9ac2b3254ff7,2026-09-24T07:06:12Z,1,"Damn, that slap face got my face stanking",1466bb544ba84cf4a2f5cc0311519c35
spotify:track:17H3w82ezx4QYYH6WnMmfr,ec6e845efede4f3abfce9ac2b3254ff7,2026-09-24T07:06:12Z,0,"That was a great drum fill, but no facial movements unfortunately ",1466bb544ba84cf4a2f5cc0311519c35
spotify:track:3DwBYsyhVlcNHRqzlN5m8E,ec6e845efede4f3abfce9ac2b3254ff7,2026-09-24T07:06:12Z,7,"I was so close to picking a Trex track. “Steelo”, “Ardvark” or “Get Enough”

“Get Enough” is my tune of the year
",1466bb544ba84cf4a2f5cc0311519c35
spotify:track:4evJYiyxBkHcYvljAXNWZo,ec6e845efede4f3abfce9ac2b3254ff7,2026-09-24T07:06:12Z,0,Interesting! I’ve not heard Foo’s track before.,1466bb544ba84cf4a2f5cc0311519c35
spotify:track:0qT0IR9vs9QuXoGjIKUTla,1af891d6b3bf4540a518ddd5b310e3b9,2026-09-24T07:41:28Z,4,I bloody loved this,1466bb544ba84cf4a2f5cc0311519c35
spotify:track:17H3w82ezx4QYYH6WnMmfr,1af891d6b3bf4540a518ddd5b310e3b9,2026-09-24T07:41:28Z,1,,1466bb544ba84cf4a2f5cc0311519c35
spotify:track:42GP0xKtkolBnmqQRvSllO,1af891d6b3bf4540a518ddd5b310e3b9,2026-09-24T07:41:28Z,3,,1466bb544ba84cf4a2f5cc0311519c35
spotify:track:5uY09iNy8MjLon6QrxjTsF,1af891d6b3bf4540a518ddd5b310e3b9,2026-09-24T07:41:28Z,2,,1466bb544ba84cf4a2f5cc0311519c35
spotify:track:0qT0IR9vs9QuXoGjIKUTla,026acc5a18a94f2bb1097778a32a4dae,2026-09-24T08:26:44Z,0,Quite low on the stankometer. Not a big fan of the screaming. 😔 ,1466bb544ba84cf4a2f5cc0311519c35
spotify:track:0tZ3mElWcr74OOhKEiNz1x,026acc5a18a94f2bb1097778a32a4dae,2026-09-24T08:26:44Z,2,,1466bb544ba84cf4a2f5cc0311519c35
spotify:track:21uRAQSdGG4nyNbTvwXYH9,026acc5a18a94f2bb1097778a32a4dae,2026-09-24T08:26:44Z,2,,1466bb544ba84cf4a2f5cc0311519c35
spotify:track:4evJYiyxBkHcYvljAXNWZo,026acc5a18a94f2bb1097778a32a4dae,2026-09-24T08:26:44Z,2,Still not found a chance to listen to this whole album yet. Cheers for reminding me. ,1466bb544ba84cf4a2f5cc0311519c35
spotify:track:4Mxef2s34ecbB6UtSdSf9E,026acc5a18a94f2bb1097778a32a4dae,2026-09-24T08:26:44Z,3,"10/10 on the stankometer. Forgot about Them Crooked Vultures for a hot minute.

What an album that is.

Even the intro drum beats got a bit of stank going.",1466bb544ba84cf4a2f5cc0311519c35
spotify:track:4tfr03fY5utaTp4FJUcMui,026acc5a18a94f2bb1097778a32a4dae,2026-09-24T08:26:44Z,1,"Fair play.

This has made me realise I missed a trick with not submitting the Goldeneye pause screen. ",1466bb544ba84cf4a2f5cc0311519c35
spotify:track:0qT0IR9vs9QuXoGjIKUTla,b49a4cb5ad234418b3ff4bdfd2ab321f,2026-09-24T10:09:55Z,1,"Chugs, bass and beats are let down by the vocals here.",1466bb544ba84cf4a2f5cc0311519c35
spotify:track:0tZ3mElWcr74OOhKEiNz1x,b49a4cb5ad234418b3ff4bdfd2ab321f,2026-09-24T10:09:55Z,0,"Honestly, most of RATM's catalogue could be chosen for this round. It's just going to be a case of pick your favourite.

However your favourite just earned you a place on THE NAUGHTY STEP.",1466bb544ba84cf4a2f5cc0311519c35
spotify:track:0VLdJcQUsqHBBwqPp4CIKJ,b49a4cb5ad234418b3ff4bdfd2ab321f,2026-09-24T10:09:55Z,1,"I'm one of those that doesn't really gel with One Hot Minute in comparison to the rest of their releases, but this is still one of the highlights.",1466bb544ba84cf4a2f5cc0311519c35
spotify:track:17H3w82ezx4QYYH6WnMmfr,b49a4cb5ad234418b3ff4bdfd2ab321f,2026-09-24T10:09:55Z,0,Not for me but I can absolutely see why it would be for you.,1466bb544ba84cf4a2f5cc0311519c35
spotify:track:21uRAQSdGG4nyNbTvwXYH9,b49a4cb5ad234418b3ff4bdfd2ab321f,2026-09-24T10:09:55Z,1,"Confession Time: I've never watched The Sopranos. I have however, listened to Alabama 3 and specifically this album before it was ever featured in The Sopranos. It's good.",1466bb544ba84cf4a2f5cc0311519c35
spotify:track:3DwBYsyhVlcNHRqzlN5m8E,b49a4cb5ad234418b3ff4bdfd2ab321f,2026-09-24T10:09:55Z,0,"Sorry, this one kind of passed by without incident.",1466bb544ba84cf4a2f5cc0311519c35
spotify:track:3xkUip4nnHw9SqrgDUV5I4,b49a4cb5ad234418b3ff4bdfd2ab321f,2026-09-24T10:09:55Z,3,FUCK YEAH.,1466bb544ba84cf4a2f5cc0311519c35
spotify:track:42GP0xKtkolBnmqQRvSllO,b49a4cb5ad234418b3ff4bdfd2ab321f,2026-09-24T10:09:55Z,0,Didn't do it for me. I'M AFRAID. 😲,1466bb544ba84cf4a2f5cc0311519c35
spotify:track:4evJYiyxBkHcYvljAXNWZo,b49a4cb5ad234418b3ff4bdfd2ab321f,2026-09-24T10:09:55Z,1,"My wife's the Foo Fighters fan in this house, but she put this album on when it released and there were a good few tracks that I went: ""Hold on, this is better than I expected.""",1466bb544ba84cf4a2f5cc0311519c35
spotify:track:4Mxef2s34ecbB6UtSdSf9E,b49a4cb5ad234418b3ff4bdfd2ab321f,2026-09-24T10:09:55Z,2,"I still feel like Them Crooked Vultures sounded more like a QOTSA side-project than its own thing, but there's some great moments and this is one of them.",1466bb544ba84cf4a2f5cc0311519c35
spotify:track:5uY09iNy8MjLon6QrxjTsF,b49a4cb5ad234418b3ff4bdfd2ab321f,2026-09-24T10:09:55Z,1,"I don't think I can approach 2 points, but have 1 for bravery. This has its moments.",1466bb544ba84cf4a2f5cc0311519c35
spotify:track:0qT0IR9vs9QuXoGjIKUTla,b2fd357c852d458f8ea4fa557c68b37f,2026-09-24T13:00:47Z,2,"Was fully expecting to hear Cynthia Harrell here. ""I'M STIIIILLLL IN A DREEEEAMMMM""

Pretty Filthy tho, I dig it.",1466bb544ba84cf4a2f5cc0311519c35
spotify:track:0tZ3mElWcr74OOhKEiNz1x,b2fd357c852d458f8ea4fa557c68b37f,2026-09-24T13:00:47Z,0,"Love a bit of Rage baybeeee, that WAOUW WAOUW is the Good Shit™️

But alas, NAUGHTY STEP FOR THEE",1466bb544ba84cf4a2f5cc0311519c35
spotify:track:0VLdJcQUsqHBBwqPp4CIKJ,b2fd357c852d458f8ea4fa557c68b37f,2026-09-24T13:00:47Z,0,I've enjoyed a bit of Chilli Peppers in the past but the Nonce Buisness is hard for me to look past these days. Alas!,1466bb544ba84cf4a2f5cc0311519c35
spotify:track:17H3w82ezx4QYYH6WnMmfr,b2fd357c852d458f8ea4fa557c68b37f,2026-09-24T13:00:47Z,1,,1466bb544ba84cf4a2f5cc0311519c35
spotify:track:4Mxef2s34ecbB6UtSdSf9E,b2fd357c852d458f8ea4fa557c68b37f,2026-09-24T13:00:47Z,1,,1466bb544ba84cf4a2f5cc0311519c35
spotify:track:4tfr03fY5utaTp4FJUcMui,b2fd357c852d458f8ea4fa557c68b37f,2026-09-24T13:00:47Z,3,I've submitted enough Sonic tracks to this league myself so Game Recognise Game. Banger pick for the round too of course.,1466bb544ba84cf4a2f5cc0311519c35
spotify:track:5uY09iNy8MjLon6QrxjTsF,b2fd357c852d458f8ea4fa557c68b37f,2026-09-24T13:00:47Z,3,"Submitting a long one is a dangerous game here BUT, thos do be a banger with a lot of variety in in it's filthiness. I dig it a lot!",1466bb544ba84cf4a2f5cc0311519c35
spotify:track:0tZ3mElWcr74OOhKEiNz1x,434aef1105394dc9a3b534b335e73b2a,2026-09-24T13:45:46Z,3,Feel like a lot of Tom Morello riffs could be on this list 🙌,1466bb544ba84cf4a2f5cc0311519c35
spotify:track:17H3w82ezx4QYYH6WnMmfr,434aef1105394dc9a3b534b335e73b2a,2026-09-24T13:45:46Z,1,Great track for air drumming,1466bb544ba84cf4a2f5cc0311519c35
spotify:track:21uRAQSdGG4nyNbTvwXYH9,434aef1105394dc9a3b534b335e73b2a,2026-09-24T13:45:46Z,1,,1466bb544ba84cf4a2f5cc0311519c35
spotify:track:3xkUip4nnHw9SqrgDUV5I4,434aef1105394dc9a3b534b335e73b2a,2026-09-24T13:45:46Z,1,,1466bb544ba84cf4a2f5cc0311519c35
spotify:track:4Mxef2s34ecbB6UtSdSf9E,434aef1105394dc9a3b534b335e73b2a,2026-09-24T13:45:46Z,4,Why did they only make one album together 😓,1466bb544ba84cf4a2f5cc0311519c35
spotify:track:0qT0IR9vs9QuXoGjIKUTla,5d67307c492249f2b00f7b3276919ef5,2026-09-25T23:03:09Z,1,,1466bb544ba84cf4a2f5cc0311519c35
spotify:track:0tZ3mElWcr74OOhKEiNz1x,5d67307c492249f2b00f7b3276919ef5,2026-09-25T23:03:09Z,1,Wow wow chika wow wow chika chika chika,1466bb544ba84cf4a2f5cc0311519c35
spotify:track:21uRAQSdGG4nyNbTvwXYH9,5d67307c492249f2b00f7b3276919ef5,2026-09-25T23:03:09Z,3,"Good stuff, I'll check out more. And maybe watch the Spranos finally",1466bb544ba84cf4a2f5cc0311519c35
spotify:track:3DwBYsyhVlcNHRqzlN5m8E,5d67307c492249f2b00f7b3276919ef5,2026-09-25T23:03:09Z,1,,1466bb544ba84cf4a2f5cc0311519c35
spotify:track:3xkUip4nnHw9SqrgDUV5I4,5d67307c492249f2b00f7b3276919ef5,2026-09-25T23:03:09Z,0,World needs more wizard music,1466bb544ba84cf4a2f5cc0311519c35
spotify:track:42GP0xKtkolBnmqQRvSllO,5d67307c492249f2b00f7b3276919ef5,2026-09-25T23:03:09Z,2,,1466bb544ba84cf4a2f5cc0311519c35
spotify:track:4evJYiyxBkHcYvljAXNWZo,5d67307c492249f2b00f7b3276919ef5,2026-09-25T23:03:09Z,1,,1466bb544ba84cf4a2f5cc0311519c35
spotify:track:4Mxef2s34ecbB6UtSdSf9E,5d67307c492249f2b00f7b3276919ef5,2026-09-25T23:03:09Z,0,Hard round this week!,1466bb544ba84cf4a2f5cc0311519c35
spotify:track:5uY09iNy8MjLon6QrxjTsF,5d67307c492249f2b00f7b3276919ef5,2026-09-25T23:03:09Z,1,,1466bb544ba84cf4a2f5cc0311519c35
spotify:track:0qT0IR9vs9QuXoGjIKUTla,555c7be4f519498e97a6bf62888fb0df,2026-09-26T17:40:21Z,3,"Fuckin Nora that’s good.

In a “I’m going to go into the kitchen and shoot the chef” level of good.",1466bb544ba84cf4a2f5cc0311519c35
spotify:track:0tZ3mElWcr74OOhKEiNz1x,555c7be4f519498e97a6bf62888fb0df,2026-09-26T17:40:21Z,2,My partner and I say “pee poo/pee pee poo/ pee poo / pee pee poo” every time ,1466bb544ba84cf4a2f5cc0311519c35
spotify:track:0VLdJcQUsqHBBwqPp4CIKJ,555c7be4f519498e97a6bf62888fb0df,2026-09-26T17:40:21Z,0,This might be a “stank faced too greedily and too deep” think but this felt really tame,1466bb544ba84cf4a2f5cc0311519c35
spotify:track:21uRAQSdGG4nyNbTvwXYH9,555c7be4f519498e97a6bf62888fb0df,2026-09-26T17:40:21Z,0,"You get a point because I like this track, not because it caused stank face.

Just can’t help yourself!",1466bb544ba84cf4a2f5cc0311519c35
spotify:track:3DwBYsyhVlcNHRqzlN5m8E,555c7be4f519498e97a6bf62888fb0df,2026-09-26T17:40:21Z,1,Wubby in all the right places ,1466bb544ba84cf4a2f5cc0311519c35
spotify:track:3xkUip4nnHw9SqrgDUV5I4,555c7be4f519498e97a6bf62888fb0df,2026-09-26T17:40:21Z,0,CHUGGA CHUGGA CHUGGA >:c,1466bb544ba84cf4a2f5cc0311519c35
spotify:track:42GP0xKtkolBnmqQRvSllO,555c7be4f519498e97a6bf62888fb0df,2026-09-26T17:40:21Z,3,"Absolutely banging track, fits the brief perfectly and is in my regular rotation.

Annoyed I didn’t pick it, nice one",1466bb544ba84cf4a2f5cc0311519c35
spotify:track:4Mxef2s34ecbB6UtSdSf9E,555c7be4f519498e97a6bf62888fb0df,2026-09-26T17:40:21Z,1,"Them Crooked Vultures: it’s like QOTSA and Eagles of Death Metal together, but not as good as either!",1466bb544ba84cf4a2f5cc0311519c35
spotify:track:4tfr03fY5utaTp4FJUcMui,555c7be4f519498e97a6bf62888fb0df,2026-09-26T17:40:21Z,0,You could have chosen live and learn and yet….and yet…..,1466bb544ba84cf4a2f5cc0311519c35
spotify:track:17H3w82ezx4QYYH6WnMmfr,b203b8be5e7947d5835b05e671bbc328,2026-09-27T08:09:31Z,1,,1466bb544ba84cf4a2f5cc0311519c35
spotify:track:3xkUip4nnHw9SqrgDUV5I4,b203b8be5e7947d5835b05e671bbc328,2026-09-27T08:09:31Z,4,"Gored upon! The tusks of fate!
",1466bb544ba84cf4a2f5cc0311519c35
spotify:track:42GP0xKtkolBnmqQRvSllO,b203b8be5e7947d5835b05e671bbc328,2026-09-27T08:09:31Z,2,Opening riff is stanky as fuck here,1466bb544ba84cf4a2f5cc0311519c35
spotify:track:4Mxef2s34ecbB6UtSdSf9E,b203b8be5e7947d5835b05e671bbc328,2026-09-27T08:09:31Z,2,,1466bb544ba84cf4a2f5cc0311519c35
spotify:track:4tfr03fY5utaTp4FJUcMui,b203b8be5e7947d5835b05e671bbc328,2026-09-27T08:09:31Z,1,,1466bb544ba84cf4a2f5cc0311519c35
spotify:track:0qT0IR9vs9QuXoGjIKUTla,e4baba279a664e01b42eb740644f095c,2026-09-27T20:34:07Z,3,"I went and listened to the original out of curiosity about how much the remix adds to the stank. In short, lots. ",1466bb544ba84cf4a2f5cc0311519c35
spotify:track:0tZ3mElWcr74OOhKEiNz1x,e4baba279a664e01b42eb740644f095c,2026-09-27T20:34:07Z,3,"For something to make me stank up my face it needs both some groove and some 'dirt', and this has both in spades. Strictly naughty stepped, but fuck it, this is the best fit and I feel we're perhaps getting a little overzealous with it anyways. ",1466bb544ba84cf4a2f5cc0311519c35
spotify:track:17H3w82ezx4QYYH6WnMmfr,e4baba279a664e01b42eb740644f095c,2026-09-27T20:34:07Z,0,"This is a tricky one. I really rather like this track, the chorus is well crafted. But it isn't really a face inducer for me. ",1466bb544ba84cf4a2f5cc0311519c35
spotify:track:21uRAQSdGG4nyNbTvwXYH9,e4baba279a664e01b42eb740644f095c,2026-09-27T20:34:07Z,0,"I enjoyed it. And I can see that it absolutely would for some, but I'm not among them it seems. ",1466bb544ba84cf4a2f5cc0311519c35
spotify:track:3xkUip4nnHw9SqrgDUV5I4,e4baba279a664e01b42eb740644f095c,2026-09-27T20:34:07Z,2,"it's funny, I often feel like I've tainted my ability to appreciate more classic metal with some of the modern stuff, it can feel a bit thin. But this gets some love. ",1466bb544ba84cf4a2f5cc0311519c35
spotify:track:5uY09iNy8MjLon6QrxjTsF,e4baba279a664e01b42eb740644f095c,2026-09-27T20:34:07Z,2,"I've enjoyed some other odd indian-fusion progressive metal recently, so I was sort of primed for this. ",1466bb544ba84cf4a2f5cc0311519c35
spotify:track:0tZ3mElWcr74OOhKEiNz1x,f1c713e8e22f4674a449cc92e27d3930,2026-09-27T20:55:21Z,1,Sympathy point for a naughty stepper (fantastic choice too),1466bb544ba84cf4a2f5cc0311519c35
spotify:track:0VLdJcQUsqHBBwqPp4CIKJ,f1c713e8e22f4674a449cc92e27d3930,2026-09-27T20:55:21Z,2,,1466bb544ba84cf4a2f5cc0311519c35
spotify:track:21uRAQSdGG4nyNbTvwXYH9,f1c713e8e22f4674a449cc92e27d3930,2026-09-27T20:55:21Z,1,,1466bb544ba84cf4a2f5cc0311519c35
spotify:track:3DwBYsyhVlcNHRqzlN5m8E,f1c713e8e22f4674a449cc92e27d3930,2026-09-27T20:55:21Z,1,LOOK MUM NO POINTS,1466bb544ba84cf4a2f5cc0311519c35
spotify:track:4evJYiyxBkHcYvljAXNWZo,f1c713e8e22f4674a449cc92e27d3930,2026-09-27T20:55:21Z,2,Definitely an underrated track and fits the brief perfectly,1466bb544ba84cf4a2f5cc0311519c35
spotify:track:4tfr03fY5utaTp4FJUcMui,f1c713e8e22f4674a449cc92e27d3930,2026-09-27T20:55:21Z,3,Yes mate,1466bb544ba84cf4a2f5cc0311519c35
