Spotify URI,Title,Album,Artist(s),Submitter ID,Created,Comment,Round ID,Visible To Voters
spotify:track:088rqJPWOzG91aoR9IqwKC,Men of Harlech,Devil's Bridge (Original Motion Picture Soundtrack),Mark Rutherford,7794745d6a054a86b5f0cf46cd34fb54,2026-04-09T11:31:43Z,I sung this on repeat to stop me collapsing on an accidental hike across north east Finland. BOOK. MINICABS. ,c898d590c85d493c92ecc2d59758ace3,Yes
spotify:track:0BC7D8kbG7jbLpHjLyNWhm,The Man Don't Give a Fuck,Out Spaced,Super Furry Animals,0e033461ae5447c6b172e593d11ec57c,2026-04-08T17:18:07Z,For a little bit of fun try singing; “we hate the English cause we’re the fuckin’ Welsh” over the chorus. Just a bit of fun.,c898d590c85d493c92ecc2d59758ace3,Yes
spotify:track:0yBtulrsV3HXyYt4bxNp7L,International Velvet,International Velvet,Catatonia,f1c713e8e22f4674a449cc92e27d3930,2026-04-07T14:08:21Z,"Every day, when Cerys Matthews wakes up, she thanks the Lord she's Welsh.",c898d590c85d493c92ecc2d59758ace3,Yes
spotify:track:122A23aRXkRm3pweoenMem,Torchwood Theme,Torchwood (Original Television Soundtrack),"Ben Foster, Murray Gold",93455c46f7d945a187150fc527630db4,2026-04-08T16:10:49Z,"Obviously I don't have a meaningful contribution for this round, but hey, this show was set in Cardiff.",c898d590c85d493c92ecc2d59758ace3,Yes
spotify:track:13YEp0m9tyN3R7MhMnWda1,West Coast,Too,FIDLAR,5d67307c492249f2b00f7b3276919ef5,2026-04-08T15:48:20Z,"Wales is on the west coast of the UK, which is clearly what this song is referring to.",c898d590c85d493c92ecc2d59758ace3,Yes
spotify:track:2DqpGqo8X1aJ1j7BRKP0xO,Park Bench,Park Bench,Boby Sanjaya,c9020fb4892a4c77aaeded2efd21f9b4,2026-04-07T13:54:03Z,"Memories of a time long gone, based around a park bench.",c898d590c85d493c92ecc2d59758ace3,Yes
spotify:track:2fBspxFEcwsg6DAP0SFSgl,Olá!,Yn Rio,"Carwyn Ellis & Rio 18, BBC National Orchestra Of Wales",975e00647b384c8abeb378da24a134f7,2026-04-08T12:25:01Z,"Quick trip to Ynys Môn via the Rio Carnival, why not.",c898d590c85d493c92ecc2d59758ace3,Yes
spotify:track:2TrfJeL9x2ZEp1J4OpOGWf,Sosban Fach,Sosban Fach,The Night School,6495e706501d405b96d5a435a5903ca7,2026-04-08T16:21:06Z,"Trying to submit something that isn't Yma o Hyd or Bread of Heaven (although they are certified bangers) 

N.B - My fiancé is half-welsh on his father's side and wants me to tell everyone he would have submitted Stereophonics",c898d590c85d493c92ecc2d59758ace3,Yes
spotify:track:3AJ0TERUpofwM3fNxP9ZHN,Sunset Strip,Radio K.A.O.S.,Roger Waters,b49a4cb5ad234418b3ff4bdfd2ab321f,2026-04-07T12:23:15Z,"The song that made me think of this round in the first place. Everyone join in with the chorus:

AND I SIT IN THE CANYON WITH MY BACK TO THE SEA
THERE'S BLOOD-RED DRAGON ON A FIELD OF GREEN
CALLING ME BACK
BACK TO THE BLACK HILLS AGAIN",c898d590c85d493c92ecc2d59758ace3,Yes
spotify:track:4rjLETqzIS7Jy9LP6yZyo0,People Will Always Need Coal,Every Valley,Public Service Broadcasting,ec6e845efede4f3abfce9ac2b3254ff7,2026-04-08T11:54:52Z,"And so it came to pass, that people did not in fact always need coal",c898d590c85d493c92ecc2d59758ace3,Yes
spotify:track:5RsPhl4fghN87YrZI0wMCp,Dau Gi Bach,Cwm-Rhyd-Y-Rhosyn,Dafydd Iwan/Edward,555c7be4f519498e97a6bf62888fb0df,2026-04-08T11:23:31Z,"A song to remind Gav of walking the family dogs along the Hengoed (Definitely the Maesycwmmer) viaduct.

Lovely.",c898d590c85d493c92ecc2d59758ace3,Yes
spotify:track:689DTIE4YIRfuIUG58Z2H2,Spanish Flea,!!Going Places!!,Herb Alpert & The Tijuana Brass,b2fd357c852d458f8ea4fa557c68b37f,2026-04-09T09:46:42Z,Just something nice and jaunty to remind my favourite Spaniard of his home in the Spanish mountains,c898d590c85d493c92ecc2d59758ace3,Yes
spotify:track:6bQnOz8JvXoWD8gvfr0aHo,Cwîn,Cwîn,Gwilym,e4baba279a664e01b42eb740644f095c,2026-04-09T17:52:50Z,"If it's gonna remind Gav of the homeland, it's gotta be in his home tongue! 
This is a fun one I found 👍",c898d590c85d493c92ecc2d59758ace3,Yes
spotify:track:6ViiVLHU0I64Q9JQdF9NOV,Cwm Rhondda,The Diamond Collection,Treorchy Male Voice Choir,1af891d6b3bf4540a518ddd5b310e3b9,2026-04-08T09:20:27Z,"Super basic pick but when I miss home I put on the hymns. 

Not the best recording quality from the Treorchy MVC but I think it's my favorite performance on streaming platforms.",c898d590c85d493c92ecc2d59758ace3,Yes
spotify:track:7bbsPLvwSDRTG0GSHSnKdF,Yma O Hyd,Goreuon Dafydd Iwan,Dafydd Iwan,04302c3f51ee440cbf9274f6430702ff,2026-04-08T11:51:12Z,"I'm not Welsh, but I have cried multiple times at videos of Welsh football fans singing this",c898d590c85d493c92ecc2d59758ace3,Yes
spotify:track:7F8RUqN5CfijxoXEAeChen,Yma o Hyd Cwpan y Byd,Yma o Hyd Cwpan Y Byd,Dafydd Iwan ac Ar Log,026acc5a18a94f2bb1097778a32a4dae,2026-04-07T13:07:54Z,I wish I had what they have. 🏴󠁧󠁢󠁷󠁬󠁳󠁿🏴󠁧󠁢󠁷󠁬󠁳󠁿🏴󠁧󠁢󠁷󠁬󠁳󠁿,c898d590c85d493c92ecc2d59758ace3,Yes
spotify:track:7taXKYsHau2Hk7sN4zxDxk,Cwm Rhondda,Fifty Golden Years Of Song,"The Treorchy, Morriston Orpheus Choirs",d21152e7d3cd4a69b0951abdfe3e1480,2026-04-07T12:36:31Z,The Welsh Tradition of Male Voice Choirs is one of the best bits about Wales (obviously the best bit is Gav),c898d590c85d493c92ecc2d59758ace3,Yes
spotify:track:0ajTdSDasJHyu0LrlYggdh,"The Theory Of Everything, Pt. 2",The Theory of Everything,"Ayreon, Cristina Scabbia",e4baba279a664e01b42eb740644f095c,2026-04-16T21:12:20Z,"I don't know what you mean, not very progressive. This is a certified prog artist and a sub-2 minute track, that isn't just album opening or interstitial atmospherics, but a legit song.

It also helps that, in my opinion, the 'Theory of Everything' riff may be the best musical motif that Arjen has ever written! 

I don't expect this to do well, but I've made myself happy, so anything else is a bonus. ",325fcc7fcc184fd89c0bbd6875fbc8d1,Yes
spotify:track:0fQ9YHMzHRwa47N8th4wPY,30 Century Man - Futurama Version,30 Century Man - EP,The Jigsaw Seen,026acc5a18a94f2bb1097778a32a4dae,2026-04-14T08:04:02Z,"It was a toss up between this and the original Scott Walker version.

But I thought I'd stick with my guns because I *really* like that Futurama film. ",325fcc7fcc184fd89c0bbd6875fbc8d1,Yes
spotify:track:0r5fNYdvlZnn8AXdwvIt0e,Medication,Lullabies To Paralyze,Queens of the Stone Age,6495e706501d405b96d5a435a5903ca7,2026-04-17T05:11:56Z,"114 seconds. 

Considered putting ""Yeah"" - Queen as a shitpost at a glorious sub 10 second entry.",325fcc7fcc184fd89c0bbd6875fbc8d1,Yes
spotify:track:1L4GyKQouklbh1VtxVtZkL,Lightsabre Cocksucking Blues,Mclusky Do Dallas,Mclusky,f1c713e8e22f4674a449cc92e27d3930,2026-04-15T14:08:51Z,Is this still the Welsh pride round?,325fcc7fcc184fd89c0bbd6875fbc8d1,Yes
spotify:track:2iD6T3jOWVFDMdCrl3BWHM,"Sonic Underground Theme Song (From ""Sonic Underground"") - Cover","Sonic Underground Theme Song (From ""Sonic Underground"") [Cover]",CyYu,b2fd357c852d458f8ea4fa557c68b37f,2026-04-16T09:26:30Z,"I do firmly beleive that any song under 120 seconds is not a real song, but I do not think that stops them being bangers.

Was always gonna be some sort of theme music for this round but it was between this and the Power Rangers theme, and of the two this is definitely the funnier pick.",325fcc7fcc184fd89c0bbd6875fbc8d1,Yes
spotify:track:2m0ytBzREXLp0YL1MzkaSE,Punk Club,Two,Utah Saints,b49a4cb5ad234418b3ff4bdfd2ab321f,2026-04-14T07:25:11Z,Georgia. New York. Los Angeles. L.A. Vegas. Washington. Utah.,325fcc7fcc184fd89c0bbd6875fbc8d1,Yes
spotify:track:3nwqTFSljgbk3zZWaLLkZ0,"I'm So Sad, So Very, Very, Sad",Scott Pilgrim vs. the World (Original Motion Picture Soundtrack),Crash and the Boys,c9020fb4892a4c77aaeded2efd21f9b4,2026-04-14T07:36:31Z,Shortest song I know,325fcc7fcc184fd89c0bbd6875fbc8d1,Yes
spotify:track:3P1xzYd6oH5PweQzdJCcB9,Nambored,Get This In Ya,The Chats,1af891d6b3bf4540a518ddd5b310e3b9,2026-04-14T10:47:53Z,Get This In Ya is rapidly approaching 10 years old which is fine. ,325fcc7fcc184fd89c0bbd6875fbc8d1,Yes
spotify:track:3tm3RJSNabk5X6JQvqSYvy,Little Snake,Tall Blonde Helicopter,Francis Dunnery,ec6e845efede4f3abfce9ac2b3254ff7,2026-04-15T07:00:28Z,,325fcc7fcc184fd89c0bbd6875fbc8d1,No
spotify:track:4LRduJenyc09KondssYObk,Bird Tutorial,No Dogs Allowed,Sidney Gish,5d67307c492249f2b00f7b3276919ef5,2026-04-15T15:53:03Z,Something about the voice and the happy tune imbeds itself in my brain. I wish she had more songs like this one!,325fcc7fcc184fd89c0bbd6875fbc8d1,Yes
spotify:track:5oD2Z1OOx1Tmcu2mc9sLY2,You Suffer,Scum,Napalm Death,d21152e7d3cd4a69b0951abdfe3e1480,2026-04-14T07:07:44Z,Ed Milliband learned how to sing this,325fcc7fcc184fd89c0bbd6875fbc8d1,Yes
spotify:track:6rlnVshsRWZcrgNDhzvmEB,I'll Give You 20 Quid to Fuck Off,Good Honest Scumbags / Gone Fisting,Scumface,7794745d6a054a86b5f0cf46cd34fb54,2026-04-14T07:11:21Z,"Scumface is a band featuring Mike from Scumface who used to be in Scumface. Something about short songs about fucking off, almost like they're talking to themselves too. ",325fcc7fcc184fd89c0bbd6875fbc8d1,Yes
spotify:track:755zbQMSIDhgXU7rlnj1LJ,Whales,Bestiary (Bonus Track Version),Hail Mary Mallon,93455c46f7d945a187150fc527630db4,2026-04-14T12:39:27Z,Buy another strip mall every eighth note,325fcc7fcc184fd89c0bbd6875fbc8d1,Yes
spotify:track:7eXTBoSQm3Xlp67cH2smXZ,20200816 She Want The Sandwich,One Wayne G,Mac DeMarco,0e033461ae5447c6b172e593d11ec57c,2026-04-16T09:26:28Z,Luckily this song is short cause you’ll wanna be eating a sandwich very soon after listening to it. ,325fcc7fcc184fd89c0bbd6875fbc8d1,Yes
spotify:track:7LZ3ZDy2v57jt3a8tJGNPi,Radioactive Mama,Folk Songs for the 21st Century,Sheldon Allman,04302c3f51ee440cbf9274f6430702ff,2026-04-16T09:39:44Z,"Yes, this is the time to submit Cold War Paranoia Novelty Music",325fcc7fcc184fd89c0bbd6875fbc8d1,Yes
spotify:track:7yauS2RTZt41o1dvcmFiJz,Quick And To The Pointless,Rated R - Deluxe Edition,Queens of the Stone Age,555c7be4f519498e97a6bf62888fb0df,2026-04-15T07:17:19Z,"One of my favourite QOTSA albums, not my fave track but it fits the brief so…",325fcc7fcc184fd89c0bbd6875fbc8d1,Yes
spotify:track:07kdDrDug1s26RkiB06PZJ,David Fucking Bowie,New Wave,Powerman 5000,b2fd357c852d458f8ea4fa557c68b37f,2026-04-23T13:34:43Z,"Bowie was my first thought as one of the few things this country has produced that gives me any sort of national pride. But turns out Bowie doesn't tend to sing about how cool David Bowie is, so instead you get one of my favourite Powerman tracks, which I do think has enough of a reverential national anthem vibe to fit the bill. Also it's fun to imagine a group of children singing in a school assembly.",66b843860ed94fc398206cfdebde3066,Yes
spotify:track:0IfjReTYtafqN3uCfO3Xva,A New England,Life's a Riot with Spy vs. Spy,Billy Bragg,7794745d6a054a86b5f0cf46cd34fb54,2026-04-21T07:29:45Z,,66b843860ed94fc398206cfdebde3066,Yes
spotify:track:1x8tSDNiQQdGSljjcsOOus,Oh England My Lionheart - 2018 Remaster,Lionheart (2018 Remaster),Kate Bush,b49a4cb5ad234418b3ff4bdfd2ab321f,2026-04-21T07:07:52Z,"Either replace 'England' with 'Britain', or it's for when all the nations finally go independent and England needs its own one that isn't a fucking dirge.",66b843860ed94fc398206cfdebde3066,Yes
spotify:track:2Bz2Q1JNwwPj40T9AvzE7f,Make Some Noise,Hot Sauce Committee (Pt. 2),Beastie Boys,0e033461ae5447c6b172e593d11ec57c,2026-04-23T22:27:37Z,Let’s make some noise! ,66b843860ed94fc398206cfdebde3066,Yes
spotify:track:47llw29VMRqLBcAZt0KmBQ,BLACK COUNTRY GOTHIC,POSTINDUSTRIAL HOMETOWN BLUES,BIG SPECIAL,5d67307c492249f2b00f7b3276919ef5,2026-04-23T21:09:27Z,"I think this song presents a sentiment of both decay and resilience that has been an important part of the English spirit in modern times. With some rousing instrumentals, like any good national anthem.
My joke pick was the Wallace & Gromit theme.",66b843860ed94fc398206cfdebde3066,Yes
spotify:track:4b4QvL2BztFIZm9SGTKoGU,The Village Green Preservation Society,The Kinks Are the Village Green Preservation Society,The Kinks,ec6e845efede4f3abfce9ac2b3254ff7,2026-04-23T15:37:58Z,God save strawberry jam! Way better than god saving the royal paedophiles!,66b843860ed94fc398206cfdebde3066,Yes
spotify:track:54otluCUt7Pzvi8JC6aJE5,Nobody Likes A Bogan,Say It To My Face,Area-7,c9020fb4892a4c77aaeded2efd21f9b4,2026-04-21T08:08:32Z,"While not necessarily a popular song in Australia, it definitely holds the place of thematic anthem. Nobody likes a bogan but Australia is a nation of them.",66b843860ed94fc398206cfdebde3066,Yes
spotify:track:59Id4KrBWiizuq53doxWtp,"The Planets, Op. 32: IV. Jupiter, the Bringer of Jollity",Holst: The Planets,"Gustav Holst, Berliner Philharmoniker, Herbert von Karajan",e4baba279a664e01b42eb740644f095c,2026-04-23T08:44:12Z,"Was struggling for inspiration for this one, so here's an insight of how I got here: ""Maybe we should go back to British folk music, what is that like? Oh, the British folk revival influenced Gustav Holst? Oh, he was British?""

Our anthem is a bit of a dirge, so maybe we bring some jollity to it; take the section from ~01:35-02:20 and write some lyrics to fit (I'm not brimming with enough national pride to be best placed for this, so I'm not gonna try).
The theme from around 03:00 could also work, but lets not just re-do Land of Hope and Glory ...

And if this all seems too sincere, just make the lyrics about willies and bums or muddy monarchs!",66b843860ed94fc398206cfdebde3066,Yes
spotify:track:5V3ZFMfg2X04VZOHZSB0aE,Eat That Curry,Eat That Curry,TPM,93455c46f7d945a187150fc527630db4,2026-04-21T23:40:44Z,What could possibly be more British than having a national anthem about Indian food written and performed by an Irish band?,66b843860ed94fc398206cfdebde3066,Yes
spotify:track:6BeyGKfd7D5WtrG080d3cA,The Harrowing,Black Harvest,Green Lung,555c7be4f519498e97a6bf62888fb0df,2026-04-21T08:01:08Z,"Because we’re a deeply fucking odd country and I’m tired of pretending we’re not. Bring back Wodin, open the earth, something something midsummer",66b843860ed94fc398206cfdebde3066,Yes
spotify:track:6ewN9MaFbi78oDLT9wYDgn,Ghost Town,"Stereo-Typical: A's, B's & Rarities",The Specials,f1c713e8e22f4674a449cc92e27d3930,2026-04-22T11:49:04Z,Ah no I forgot the records,66b843860ed94fc398206cfdebde3066,Yes
spotify:track:6YhSGEQqbJ88RtARKhxgAc,Model Village,Ultra Mono,IDLES,6495e706501d405b96d5a435a5903ca7,2026-04-24T05:23:23Z,"Sorry, struggled this round. ",66b843860ed94fc398206cfdebde3066,Yes
spotify:track:75D3n6wnFQmu1HVmLAlWM4,I Predict A Riot,Employment,Kaiser Chiefs,026acc5a18a94f2bb1097778a32a4dae,2026-04-21T07:17:18Z,"✅ Clear and simple lyrics to sing along to - You already know them!
✅ Paints a more realistic view of the nation than God Save the X/Rule Britannia
✅ Well-known British band - But not London-centric.
✅ References popular British past times - Binge drinking / getting lairy.
✅ Highlights historic figure John Smeaton, “The father of civil engineering”.
✅ Somewhat more jaunty than the drivel we have now.
✅ Highly recognisable tune.
✅ Zero brown nosing of old sausage fingers Charlie - Doesn't even get a mention in. ",66b843860ed94fc398206cfdebde3066,Yes
spotify:track:76MX4FN4cR1RgYHT6QYuwM,The Land Of Do What You’re Told,A Singsong And A Scrap,Chumbawamba,d21152e7d3cd4a69b0951abdfe3e1480,2026-04-21T08:07:43Z,I was going to submit an absolute Bellamy Banger but then I thought it was a bit rude to submit a 6 minute unaccompanied ballad from Elmer P Bleaty,66b843860ed94fc398206cfdebde3066,Yes
spotify:track:7g8cjrj0sXScNE727685JE,"Kernkraft 400 - DJ Gius Mix, Radio Edit",Kernkraft 400 Single Mixes,Zombie Nation,1af891d6b3bf4540a518ddd5b310e3b9,2026-04-23T12:51:03Z,"UK/England anthem submission to replace God Save the King. 

When do anthems matter the most? Sporting events! What's the worst thing about them? People not knowing the lyrics. Kernkraft 400 solves for both.

Trim off the first 27 seconds. Get the crowd chanting the riff. The true patriots can shout the Zombie Nations.

A powerful representation of modern values that supports UK PLC into a new digital millennium. ",66b843860ed94fc398206cfdebde3066,Yes
spotify:track:7uvkMQ0fWddq9QlGkOtcO7,Fuck The Countryside Alliance,Curses,Future Of The Left,04302c3f51ee440cbf9274f6430702ff,2026-04-21T09:58:21Z,Look I tried not to just pick a Mclusky side-project but this was too perfect,66b843860ed94fc398206cfdebde3066,Yes
spotify:track:0uul4WzezEwTELfdrWuh3d,GMF,Pale Green Ghosts,"John Grant, Sinéad O'Connor",0e033461ae5447c6b172e593d11ec57c,2026-04-29T21:30:33Z,"Play it as my wrestling entrance theme, play it at my funeral. Or both. ",5986ef047b114b14b33a0a7cabc8f3ed,Yes
spotify:track:1puEUilaw5RSbi3AYnkF8K,Steal My Sunshine,You Can't Stop The Bum Rush,LEN,555c7be4f519498e97a6bf62888fb0df,2026-05-01T06:09:06Z,Struggled to think of one this round but this stuck up like a splinter so have at it ,5986ef047b114b14b33a0a7cabc8f3ed,Yes
spotify:track:1TBd0DjOYWmytC8UBE1G2f,I LIKE IT!,I LIKE IT,Toehider,e4baba279a664e01b42eb740644f095c,2026-05-01T06:38:40Z,"I tried to find something cleverer, but instead here's a song I enjoy. I hope you do too!",5986ef047b114b14b33a0a7cabc8f3ed,Yes
spotify:track:2aCqeD8sJNjZ28qdhKLRdl,Jerusalem,Dan Bern,Dan Bern,04302c3f51ee440cbf9274f6430702ff,2026-04-29T20:38:40Z,"I am the messiah, and I like olives",5986ef047b114b14b33a0a7cabc8f3ed,Yes
spotify:track:2GFQ8U7HTBpb1FzQ2uBZvg,Ben,10 Years of Shogun Audio,SpectraSoul,ec6e845efede4f3abfce9ac2b3254ff7,2026-04-30T21:58:02Z,"Hello. My name is ___ and I love Drum & Bass.
",5986ef047b114b14b33a0a7cabc8f3ed,Yes
spotify:track:2KldK81uQyPpbJLwEekaLQ,Everyday Normal Guy,You Want Some of This?,Jon Lajoie,026acc5a18a94f2bb1097778a32a4dae,2026-04-28T12:27:02Z,"Who's asking?

An attempt to meet the category rather than just pick a favourite song.",5986ef047b114b14b33a0a7cabc8f3ed,Yes
spotify:track:2NljpdHCJYniABEwJufNoE,Expert In A Dying Field,Expert In A Dying Field,The Beths,f1c713e8e22f4674a449cc92e27d3930,2026-04-29T14:17:25Z,I work in broadcasting and specialise in linear playout. Having to learn about computers and can't say I'm fond of them.,5986ef047b114b14b33a0a7cabc8f3ed,Yes
spotify:track:48XkVAagIoQHCsOlJtXUd5,still feel.,"Now, Not Yet",half•alive,93455c46f7d945a187150fc527630db4,2026-04-29T23:37:34Z,"I went with a lyrics-based interpretation of this prompt. I like this song overall, but the lyrics speak to a refusal to be defeated by the tragedies of life and the world. No matter what else is true, I am alive and I am ready to live.

Be joyful. There's plenty of time for sadness already.",5986ef047b114b14b33a0a7cabc8f3ed,Yes
spotify:track:4f8TLj6gywmjSHSb4ZGcB3,The Wind That Shapes the Land,Abyss,Unleash The Archers,1af891d6b3bf4540a518ddd5b310e3b9,2026-04-30T09:31:02Z,"Shunting it up the M42 to play wargames with the lads to this track is at the core of my being. 

Calling in at Best Boy Bagels to get grab our lunch then losing every game is my favorite way to spend the weekend. 

They key change on the titular line is a battle cry to open up the throttle just a little more.",5986ef047b114b14b33a0a7cabc8f3ed,Yes
spotify:track:4y1zpAc5o2mgiZ0VUlxdw5,Open Your Heart,Driving Through Forever -The Ultimate Crush 40 Collection-,Crush 40,b2fd357c852d458f8ea4fa557c68b37f,2026-04-30T08:17:34Z,I am a teenage boy trapped in the body of a 29 year old man.,5986ef047b114b14b33a0a7cabc8f3ed,Yes
spotify:track:58vdp7XF93MfrqqL8y7nwx,Why Am I Anxious,Artificial Intelligence,Tom Cardy,c9020fb4892a4c77aaeded2efd21f9b4,2026-04-28T07:38:48Z,"Hahaha! He's singing about me!

Oh no, he's singing about me.

(Maybe not the drugs but mostly about me)",5986ef047b114b14b33a0a7cabc8f3ed,Yes
spotify:track:5NRtdsFFlmyE8qDMgS08PE,Running Out Of Time,This Is Why,Paramore,6495e706501d405b96d5a435a5903ca7,2026-04-30T22:17:45Z,"I'm very disorganised and constantly running out of time. 
Also I like Hayley Williams.",5986ef047b114b14b33a0a7cabc8f3ed,Yes
spotify:track:5S8h7rP7gCNf7Uwrw0J49l,Daydreaming,Wild Go,Dark Dark Dark,b49a4cb5ad234418b3ff4bdfd2ab321f,2026-04-28T21:25:05Z,My original post was far too depressing for Music League fun. Just know that this song means a lot to me personally.,5986ef047b114b14b33a0a7cabc8f3ed,Yes
spotify:track:6amL7Sov9asiwtCWN3gj8p,God Willing,The Meanest of Times (Limited Edition),Dropkick Murphys,d21152e7d3cd4a69b0951abdfe3e1480,2026-04-28T09:56:36Z,"Hello, I am a middle class person who likes to pretend he's a punk. I also made DKM my personality when I was at high school.",5986ef047b114b14b33a0a7cabc8f3ed,Yes
spotify:track:6dPBm4afuGiAHw8bDJcuyX,Work Shoes,New World Alphabet,USS (Ubiquitous Synergy Seeker),5d67307c492249f2b00f7b3276919ef5,2026-05-01T00:20:09Z,"I wanted to choose a USS song because they're from my city and I've been listening to them forever. My friend and I would often play this song before the end of work on Fridays.
Also, their live shows kick ass.",5986ef047b114b14b33a0a7cabc8f3ed,Yes
spotify:track:1HM7Vp84E4SMzdrZONg6bH,Wasted Years - 2015 Remaster,Somewhere in Time (2015 Remaster),Iron Maiden,1af891d6b3bf4540a518ddd5b310e3b9,2026-05-08T03:33:50Z,"I considered a bunch of miserable nonsense. Stuff about getting old, being sad, and dying. 

Fuck that. Me and you, we're living in the golden years right now. ",8c562d4609184929917b988c8a94277c,Yes
spotify:track:1M1wqGG7FYPlHVFWOZloJR,Rings,The Impossible Kid,Aesop Rock,555c7be4f519498e97a6bf62888fb0df,2026-05-05T07:20:28Z,"The line “Used to draw…hard to admit but I *used* to draw” hits hard as I have dropped so many hobbies that I loved but have put to the side to focus on family, work or cider that I don’t know if I’ll ever pick them up again.

I love getting old and not having sleep for dinner, but sometimes I miss the good times.",8c562d4609184929917b988c8a94277c,Yes
spotify:track:3dBwxkzn7g0EB2bygXjwwI,Apart Together,Apart Together,Tim Minchin,e4baba279a664e01b42eb740644f095c,2026-05-07T13:16:06Z,"Too sincere again, perhaps, but this is a delightful little song about wanting to grow old and fall apart together. Honestly, the sentiment behind this song gets me every time.
Plus, the trumpet in this is super soulful!",8c562d4609184929917b988c8a94277c,Yes
spotify:track:3qpFX3sEc1lnYAfjcgxAxA,Mountains Of Sorrow,"Mountains Of Sorrow, Rivers Of Song",Amos Lee,c9020fb4892a4c77aaeded2efd21f9b4,2026-05-05T07:16:46Z,"This isn't my usual fare but I was looking up songs for making a playlist for a DnD game I am setting up and found it. Might not be about getting old to the bloke who wrote it but it feels to me like he ages through the song, watching others move on, pass by, and knows eventually he too will pass on. Past the Mountains of Sorrow and the Rivers of Song.",8c562d4609184929917b988c8a94277c,Yes
spotify:track:5CkTDPtqkCO49qThnNZzVm,Dan's Song,Last Minutes and Lost Evenings,Frank Turner,5d67307c492249f2b00f7b3276919ef5,2026-05-06T16:31:56Z,"We all know aging isn't fun. Sometimes in the years spent striving to reach our goals, we start second-guessing how we've spent our time. Life can be complicated, but as we age it's even more important to enjoy the simple times in life, like sitting in the park and having a drink with our friends. 
There's always a sunny patch of grass waiting for us somewhere.",8c562d4609184929917b988c8a94277c,Yes
spotify:track:5dICfr4vxAuk6yqtvIL2Ip,Waste No Time,Adventures Of A Reluctant Superhero,"Chali 2na, Krafty Kuts, Dynamite MC",ec6e845efede4f3abfce9ac2b3254ff7,2026-05-05T17:10:50Z,"I’d say the biggest pain of growing old is realising how much time you have left and how much time you have wasted. Time is a cruel mistress so don’t waste her. Five minutes ago, we were all a little younger.

I’m guessing this will be a very downbeat playlist so I’m hoping this can lighten things up a bit.",8c562d4609184929917b988c8a94277c,Yes
spotify:track:5ihS6UUlyQAfmp48eSkxuQ,Landslide,Fleetwood Mac,Fleetwood Mac,6495e706501d405b96d5a435a5903ca7,2026-05-07T22:14:28Z,"Bit on the nose, but my god does this song make me need to sit and ruminate for a good 10 minutes.",8c562d4609184929917b988c8a94277c,Yes
spotify:track:5NUWOrjG5EUhxoqv4ACguG,33,33,Wolves of Glendale,93455c46f7d945a187150fc527630db4,2026-05-07T15:14:39Z,Imposter syndrome: the song.,8c562d4609184929917b988c8a94277c,Yes
spotify:track:65mz587jxcFYgqvesekK8I,Old Before I Die,Life Thru A Lens,Robbie Williams,b49a4cb5ad234418b3ff4bdfd2ab321f,2026-05-05T07:05:59Z,Quintessential and the first track that was in my head for this round.,8c562d4609184929917b988c8a94277c,Yes
spotify:track:6Hup3V9iFphKINc0bPw5W9,Old Man's Tale,Below the Radar,Roy Bailey,d21152e7d3cd4a69b0951abdfe3e1480,2026-05-05T07:34:21Z,Have a song written by Ian Campbell about someone who's had a bit of a shit time.,8c562d4609184929917b988c8a94277c,Yes
spotify:track:6ORqU0bHbVCRjXm9AjyHyZ,Good Riddance (Time of Your Life),Nimrod,Green Day,f1c713e8e22f4674a449cc92e27d3930,2026-05-05T07:27:53Z,"Bit Route One, but this track has had a place in my heart for over two decades now and I'm not getting any younger.",8c562d4609184929917b988c8a94277c,Yes
spotify:track:6v90ogq4aY6xoM4pY8nwzw,Help The Aged,This Is Hardcore,Pulp,026acc5a18a94f2bb1097778a32a4dae,2026-05-05T07:54:44Z,Let's not think too hard about it.,8c562d4609184929917b988c8a94277c,Yes
spotify:track:7rFN0DhIFPjAWG1EaHO2F0,Lazarus,Blackstar,David Bowie,04302c3f51ee440cbf9274f6430702ff,2026-05-07T11:19:04Z,Writing a song about dying and then actually dying just after everyone hears it is such a flex,8c562d4609184929917b988c8a94277c,Yes
spotify:track:7zLGHdfJ3JRPxvc96mEPEi,Out of Touch,The Very Best of Daryl Hall / John Oates,Daryl Hall & John Oates,b2fd357c852d458f8ea4fa557c68b37f,2026-05-05T10:21:38Z,"I used to be ""with it"", but then they changed what ""it"" was. Now what I'm ""with"" isn't ""it"", and what's ""it"" seems weird and scary to me, and it'll happen to you, too.",8c562d4609184929917b988c8a94277c,Yes
spotify:track:0hLnmbp7esuygjxzHF87yz,Who Wants to Live Forever - Live At Wembley Stadium / July 1986,Live At Wembley Stadium,Queen,1af891d6b3bf4540a518ddd5b310e3b9,2026-05-14T20:25:13Z,"If I had a time machine, this would be the first gig I'd go back to see. After that it'd be Opeth at Red Rocks.",f87974c8be884d278c32c7ef5969cb95,Yes
spotify:track:2FUJZ1HMAvXgGkEiqd9qa5,Fear of the Dark - Live '01,Rock in Rio (Live),Iron Maiden,026acc5a18a94f2bb1097778a32a4dae,2026-05-12T07:10:19Z,Everyone sounds like they're having a jolly good time.,f87974c8be884d278c32c7ef5969cb95,Yes
spotify:track:2o98fGp4t5bNIS6ky0xa6u,Moonage Daydream (Live) [Stereo] - Live; Stereo,Moonage Daydream – A Brett Morgen Film,David Bowie,c9020fb4892a4c77aaeded2efd21f9b4,2026-05-12T07:02:44Z,"This one's for Matt, who really felt Bowie's passing, even though he didn't really listen to his music....",f87974c8be884d278c32c7ef5969cb95,Yes
spotify:track:2XbcujvemK0hGh0Ob4HAXQ,Bohemian Rhapsody - Live At Wembley Stadium / July 1986,Live At Wembley Stadium,Queen,6495e706501d405b96d5a435a5903ca7,2026-05-14T23:10:10Z,"We all wanted Who Wants To Live Forever, didn't we?",f87974c8be884d278c32c7ef5969cb95,Yes
spotify:track:3jXYV0kWv1FbMYypvyjfSK,"Somebody To Love - Charlotte, NC 4/6/16",The L&G Tapes LIVE,The Infamous Stringdusters,555c7be4f519498e97a6bf62888fb0df,2026-05-12T07:17:17Z,"A bluegrass cover of a classic psychedelic rock track, AND IT’S LIVE?! Sign me up!",f87974c8be884d278c32c7ef5969cb95,Yes
spotify:track:3OlXDh31sBuXhMzR06WC92,Nazi - Live,Showbusiness! (Live),Chumbawamba,f1c713e8e22f4674a449cc92e27d3930,2026-05-12T07:01:37Z,Take it for a spin at social gatherings.,f87974c8be884d278c32c7ef5969cb95,Yes
spotify:track:3XJaDkEB4WKZe0a2gblV7U,Sur la route - La Tapinie,En spectacle,La Bottine Souriante,d21152e7d3cd4a69b0951abdfe3e1480,2026-05-12T08:42:32Z,"I was going to put the opening track on this album, which is 8 minutes of just pure Quebecois joy but I thought that'd be unfriendly. If you enjoy this on any level go and listen to the first track.",f87974c8be884d278c32c7ef5969cb95,Yes
spotify:track:4A6Ekry66nKjQb4xXIBXaY,Pints of Guinness Make You Strong - Live,23 Live Sex Acts,Against Me!,5d67307c492249f2b00f7b3276919ef5,2026-05-12T13:21:53Z,"Against Me!'s sound can be kind of abrasive, but goddamn their live shows are always the best.",f87974c8be884d278c32c7ef5969cb95,Yes
spotify:track:4ANrtIuUwM4s8bgvvDWqVb,City Of Angels - Live From Soho,Live From Soho,Ozomatli,ec6e845efede4f3abfce9ac2b3254ff7,2026-05-12T09:55:41Z,One of the best life bands I have ever seen!,f87974c8be884d278c32c7ef5969cb95,Yes
spotify:track:5C6MpGNz4skExRNVK6pJUj,The Alphabet of Me - Live in London 2024,Liveforms: An Evening With Haken (Live in London 2024),Haken,e4baba279a664e01b42eb740644f095c,2026-05-14T07:14:30Z,"Seeing these guys live as my first gig after the pandemic, having been postponed twice, is up there as one of the most affecting experiences of my life.",f87974c8be884d278c32c7ef5969cb95,Yes
spotify:track:5s457o0GLooprDJNitW5WF,Mr. Brightside - Live From The Royal Albert Hall / 2009,Live From The Royal Albert Hall,The Killers,93455c46f7d945a187150fc527630db4,2026-05-14T14:56:28Z,,f87974c8be884d278c32c7ef5969cb95,Yes
spotify:track:68Wf5I47kv3PC72baPEOcg,The National Anthem - Live in France,I Might Be Wrong,Radiohead,b49a4cb5ad234418b3ff4bdfd2ab321f,2026-05-12T07:03:49Z,"At the time, Radiohead's only live album was them showing everyone that their ""weird new direction"" wasn't just pre-recorded beeps and boops that couldn't be done on a stage, and is kicked off by this superb cacophonous rendition of The National Anthem.",f87974c8be884d278c32c7ef5969cb95,Yes
spotify:track:786S4NvzjE8PdC3Hl1MV60,Wind Of Change - Live,Live Bites,Scorpions,0e033461ae5447c6b172e593d11ec57c,2026-05-14T07:11:31Z,I dream of seeing this live. Though I dream of seeing it live back in 1989 so that may not be possible. ,f87974c8be884d278c32c7ef5969cb95,Yes
spotify:track:7BQ3mNplvzQmx1qZt1ysDc,"Guerrilla Radio - Live at the Grand Olympic Auditorium, Los Angeles, CA - September 2000",Live at the Grand Olympic Auditorium,Rage Against The Machine,b2fd357c852d458f8ea4fa557c68b37f,2026-05-14T11:37:06Z,"A hurried submission from me, don't listen to a lot of live stuff regularly, so here's the best Rage track but it's live this time",f87974c8be884d278c32c7ef5969cb95,Yes
spotify:track:06HNCfXJcMnKHmRrkue97s,Twilight Of The Gods,Beyond The Red Mirror,Blind Guardian,d21152e7d3cd4a69b0951abdfe3e1480,2026-05-19T08:43:25Z,"If you're looking for banging vocals, you either go for Brittney from Unleash The Archers or Hansi from Blind Guardian. This album is massively overproduced, but I don't care - I love it.",c75f032af3474f5b935767a3d0e27feb,Yes
spotify:track:0lDpM5tkOggIIPSS7wdMNQ,"The Phantom of the Opera - Live at the Royal Albert Hall, 2011",The Phantom of the Opera at the Royal Albert Hall,Andrew Lloyd Webber,5d67307c492249f2b00f7b3276919ef5,2026-05-21T23:22:45Z,"HEAR ME OUT - I chose this song for one specific note. The last note that the Christine has to sing is so unnaturally high that for live performances, they record it at the beginning of the show's run and play it back each night. Otherwise it would be so taxing on her vocal chords that she would permanently fry her voice.
I like this version because Ramin Karimloo is a great performer.",c75f032af3474f5b935767a3d0e27feb,Yes
spotify:track:0lP4HYLmvowOKdsQ7CVkuq,The Kill,A Beautiful Lie,Thirty Seconds To Mars,6495e706501d405b96d5a435a5903ca7,2026-05-22T01:31:43Z,"It's maybe a bit route one, and tame compared to other entries but can't help belting this in the shower. ",c75f032af3474f5b935767a3d0e27feb,Yes
spotify:track:15znHkteSpb84tgFCKy31P,Paparazzi,Rhapsodies in Black,Exit Eden,f1c713e8e22f4674a449cc92e27d3930,2026-05-19T09:23:45Z,"Don't know how covers will be received this round, but the pipes are impressive.",c75f032af3474f5b935767a3d0e27feb,Yes
spotify:track:2OtVlMgKCWgrIq05wyWzMQ,Into the Wild - EP Version,Into the Wild,LP,026acc5a18a94f2bb1097778a32a4dae,2026-05-19T09:28:38Z,Presence without resorting to shouting.,c75f032af3474f5b935767a3d0e27feb,Yes
spotify:track:2qDIMrFseJdxxQHFNQJlks,Ih-Ah!,Addicted,"Devin Townsend Project, Devin Townsend",1af891d6b3bf4540a518ddd5b310e3b9,2026-05-19T08:59:43Z,I love to hear a big metal boy sing so beautifully.,c75f032af3474f5b935767a3d0e27feb,Yes
spotify:track:3pS1o7AFco7QrjfkOHFYdI,"Turn Me On ""Mr. Deadman""",...An Education In Rebellion,The Union Underground,b2fd357c852d458f8ea4fa557c68b37f,2026-05-21T09:46:45Z,Sometimes I make the mistake of trying to sing along with this one and my lungs are stuck in an oxygen deficit for the rest of the day. There's a naughty word in this one but as one of the people for whom the word pertains: I'll let it slide.,c75f032af3474f5b935767a3d0e27feb,Yes
spotify:track:4OeFQtRyT7vsLnRTv7t8YT,The Best,All The Best,Tina Turner,b49a4cb5ad234418b3ff4bdfd2ab321f,2026-05-19T07:02:14Z,"Could have also submitted the Bonnie Tyler original, but this is undoubtedly the iconic version.",c75f032af3474f5b935767a3d0e27feb,Yes
spotify:track:4RqW6FZXZLUrndtWNaMGAf,"Turandot, Act III: Nessun dorma!",Spirito Italiano,"Giacomo Puccini, Luciano Pavarotti, John Alldis Choir, Wandsworth School Boys Choir, London Philharmonic Orchestra, Zubin Mehta",555c7be4f519498e97a6bf62888fb0df,2026-05-19T07:15:04Z,Of course I’m going to pick this. A BAAAAAAAAAABY BIIIIIIIIIRD (withabeak!),c75f032af3474f5b935767a3d0e27feb,Yes
spotify:track:5aYk12VRZLhhdEGNgYUIyz,Husky Voice,Husky Voice,Brian David Gilbert,c9020fb4892a4c77aaeded2efd21f9b4,2026-05-19T07:28:06Z,"It's impressive for him, at least.",c75f032af3474f5b935767a3d0e27feb,Yes
spotify:track:5dRQUolXAVX3BbCiIxmSsf,Your Love,Super Hits,The Outfield,0e033461ae5447c6b172e593d11ec57c,2026-05-21T15:41:05Z,Love this song but several failed attempts to sing it on karaoke proved how hard the singer goes! ,c75f032af3474f5b935767a3d0e27feb,Yes
spotify:track:5VlcX1KejMHE5fpYmsKtqW,Why?,Empath,Devin Townsend,e4baba279a664e01b42eb740644f095c,2026-05-21T22:07:26Z,"A bit of an oddball choice, this, and there's a lot going on, but I think Devin's vocals here are just incredible. And the video is well worth a watch! ",c75f032af3474f5b935767a3d0e27feb,Yes
spotify:track:70eDxAyAraNTiD6lx2ZEnH,Ex's & Oh's,Love Stuff,Elle King,93455c46f7d945a187150fc527630db4,2026-05-21T20:11:07Z,She sounds like she's really going for it on this track and the vocal fry is no joke.,c75f032af3474f5b935767a3d0e27feb,Yes
spotify:track:7KKQJQuNd0uBPwREb3n6rf,Rock Rock,As We Do Our Thing,"The Allergies, Andy Cooper",ec6e845efede4f3abfce9ac2b3254ff7,2026-05-19T10:29:50Z,"Andy Cooper coming out the blue like a boy named Sue saying “how do you do?”

Have been listening to these guys for years, finally seeing them this December.",c75f032af3474f5b935767a3d0e27feb,Yes
spotify:track:011wllO5TJ1MWEl5gtrsQ9,De Ruef Vo De Bärge,Origins,Eluveitie,e4baba279a664e01b42eb740644f095c,2026-05-28T07:20:02Z,"Love a bit of folk metal. There is an English version of this track, but I do love the fact they recorded this in many of the languages around the Alps as well (French, Italian, Romansh and this one, Swiss German).",178403c33cd9416cb844b5b49e9bcbe9,Yes
spotify:track:0uYv1tNoIHUt6XPjLME4cA,Sinne missä aamu sarastaa,Elävien kirjoihin,Mokoma,1af891d6b3bf4540a518ddd5b310e3b9,2026-05-26T10:04:32Z,It was always going to be Finnish metal from me.,178403c33cd9416cb844b5b49e9bcbe9,Yes
spotify:track:1gPJ3F2p8rwhlzr1AF58W7,Sientelo,Sientelo,"Mefjus, Camo & Krooked",ec6e845efede4f3abfce9ac2b3254ff7,2026-05-28T20:50:12Z,"I hear “del monte”, but I don’t think it’s about pineapple juice ",178403c33cd9416cb844b5b49e9bcbe9,Yes
spotify:track:2FGJsygiQplOyghzm99BWZ,Koino Mega Lover,Bu-ikikaesu,MAXIMUM THE HORMONE,c9020fb4892a4c77aaeded2efd21f9b4,2026-05-26T07:03:54Z,Anyone into anime in the 2000's might remember Maximum The Hormone from the Death Note anime. I absolutely love them and while there's some English sprinkled through I think it's still somewhat baffling.,178403c33cd9416cb844b5b49e9bcbe9,Yes
spotify:track:2pBgJhi8ITL1L60jU68oIh,Déjame,Déjame,Los Daniels,5d67307c492249f2b00f7b3276919ef5,2026-05-28T15:49:42Z,,178403c33cd9416cb844b5b49e9bcbe9,Yes
spotify:track:3xzKMfkA3UulKBX6SUHdWJ,On,Original Album Collection,Zana,b49a4cb5ad234418b3ff4bdfd2ab321f,2026-05-26T07:09:28Z,"Have some Serbian new-wave on me, as a treat.",178403c33cd9416cb844b5b49e9bcbe9,Yes
spotify:track:3yBr5dRJAbjppfxZg3OUWZ,Yuve Yuve Yu,The Gereg (Deluxe Edition),The HU,555c7be4f519498e97a6bf62888fb0df,2026-05-28T20:43:34Z,"Big fan of these guys, seen them live in Nottingham and they’re one of the driving forces in the Mongolian metal scene.

No idea what they’re banging on about, compels me though.",178403c33cd9416cb844b5b49e9bcbe9,Yes
spotify:track:4sabJ9vyzJr4pQoc4Z6o8E,Der Mussolini,Alles ist Gut,DAF,f1c713e8e22f4674a449cc92e27d3930,2026-05-28T21:41:52Z,"I know a couple of words in German and most of them are in this song, but I think that's probably alright",178403c33cd9416cb844b5b49e9bcbe9,Yes
spotify:track:5uA68icPT6TbupTa020R5m,Pétipétan,Les habits de papier,De Temps Antan,d21152e7d3cd4a69b0951abdfe3e1480,2026-05-26T20:23:03Z,I've attempted to translate this song multiple times and it makes absolutely no sense.,178403c33cd9416cb844b5b49e9bcbe9,Yes
spotify:track:5WpfJrnqAtUqoGIRjJ8e7l,Ay Ay Ay,Ay Ay Ay,Ladrones,6495e706501d405b96d5a435a5903ca7,2026-05-28T21:21:12Z,"Ay, ay, ay, it's catchy, and now I want to go back to Andalucia. 
Sucker for a spot of Spanish guitar towards the end. 
",178403c33cd9416cb844b5b49e9bcbe9,Yes
spotify:track:6E4ZPXz34YTAObmBrqquGo,Prisencolinensinainciusol,Celentano Hit Parade (Le Volte Che Adriano È Stato Primo),Adriano Celentano,026acc5a18a94f2bb1097778a32a4dae,2026-05-26T07:21:05Z,"This is an Italians impression of what it's like for a complete non-English speaker to listen to people speaking in English.

Both the title and the lyrics are complete gibberish. And yet...",178403c33cd9416cb844b5b49e9bcbe9,Yes
spotify:track:7GBP9vqKB9o9wcQrkblICD,One​-​Winged Angel (Final Fantasy VII),Distant Worlds: Music from Final Fantasy,Nobuo Uematsu,b2fd357c852d458f8ea4fa557c68b37f,2026-05-27T00:39:41Z,"Immediately thought of Latin Chanting for this theme, a genre I aparantly know more examples of than I would have thought. I gotta go with the theme to everyone's favourite Mummy's Boy. I may not understand these lyrics, but that won't stop me belting them out behind the bar and slightly usettling my co-workers.",178403c33cd9416cb844b5b49e9bcbe9,Yes
spotify:track:7rU6Iebxzlvqy5t857bKFq,Plastic Love,Expressions,Mariya Takeuchi,93455c46f7d945a187150fc527630db4,2026-05-26T11:33:21Z,"One of the primary songs responsible for the resurgence of the City Pop genre, Plastic Love has long held a place in my mind. It has been described as ""provoking nostalgia for something never experienced"".",178403c33cd9416cb844b5b49e9bcbe9,Yes
spotify:track:0H52iIUgADZnStfXURJq3Z,Duke's Travels - 2007 Remaster,Duke (2007 Remaster),Genesis,b49a4cb5ad234418b3ff4bdfd2ab321f,2026-06-02T07:26:11Z,"For many, many years I have said that my ultimate Heel move in wrestling would be to have this song as my entrance music and only come out after the full eight and a half minutes are up. If it gets interrupted, I walk out and tell the sound guys to start it over, then walk backstage again until it's done. Ultimate heat.",01210a35cde946dbb19d24854ddd625b,Yes
spotify:track:11sLmNME1fyUBwRlqhyuGN,Red Mist - VIP,Sick Music Sampler 2,Danny Byrd,ec6e845efede4f3abfce9ac2b3254ff7,2026-06-04T08:14:55Z,"(From 19 seconds onwards)

Walks through the curtain, gloves up and the crowd goes wild!",01210a35cde946dbb19d24854ddd625b,Yes
spotify:track:1J03Vp93ybKIxfzYI4YJtL,MEGALOVANIA,UNDERTALE Soundtrack,Toby Fox,d21152e7d3cd4a69b0951abdfe3e1480,2026-06-04T08:00:57Z,"This might be a bit too route one, but imagine this playing as I do a surprise walk on.",01210a35cde946dbb19d24854ddd625b,Yes
spotify:track:2dFjsxfjZp8oiyiGXMlx21,Steven Flowe (Theme Song),Steven Flowe (Theme Song),The Super Wrestlers,026acc5a18a94f2bb1097778a32a4dae,2026-06-02T07:12:24Z,"If I were a Wrestler, I would change my name to make use of this fabulous little thing. ",01210a35cde946dbb19d24854ddd625b,Yes
spotify:track:3o015R5G0Td1K5lzVWtg0B,EM20 CH Alterna 01,Shin Godzilla (Original Motion Picture Soundtrack),Shiro SAGISU,c9020fb4892a4c77aaeded2efd21f9b4,2026-06-03T07:17:34Z,Who wouldn't wanna walk in to this?!,01210a35cde946dbb19d24854ddd625b,Yes
spotify:track:470laXjP3jhZKigxOU4yvF,World of Tanks Studzianki Soundtrack,"Official Soundtrack, Pt. 2 (From ""World of Tanks"")","WoT Music Team, Żywiołak, Andrius Klimka, Andrey Kulik",6495e706501d405b96d5a435a5903ca7,2026-06-05T06:59:18Z,Love a bit of folk instruments being chucked in there,01210a35cde946dbb19d24854ddd625b,Yes
spotify:track:5eFxwmqKrHpSQDOEIFYlgY,Animal I Have Become,One-X,Three Days Grace,1af891d6b3bf4540a518ddd5b310e3b9,2026-06-04T08:16:55Z,Stompy intro for the walk on. Folk know the lyrics from its usage in memes/reels/shorts/tiktoks. Perfect vibe for the bad boy of Ally Pally. ,01210a35cde946dbb19d24854ddd625b,Yes
spotify:track:5K43AHQPTJTqlyRZ3uBGKz,A Good Song Never Dies,The Original Motion Picture Soundtrack,Saint Motel,93455c46f7d945a187150fc527630db4,2026-06-05T04:19:33Z,"Ominous yet upbeat, this is my style. Like anything could happen.",01210a35cde946dbb19d24854ddd625b,Yes
spotify:track:5TPZrUbbjegnpg7zBQqfTO,Ring 4 - Patrol,Antimai,The Dear Hunter,5d67307c492249f2b00f7b3276919ef5,2026-06-05T00:12:54Z,"Hello, the heel has arrived.

2:10 is where I'd start the edit.

POWER!!!",01210a35cde946dbb19d24854ddd625b,Yes
spotify:track:6vN9o849XOpOKbygIid6ck,FENIAN,FENIAN,"KNEECAP, Casiokids",f1c713e8e22f4674a449cc92e27d3930,2026-06-02T08:04:51Z,"Luchador name is Fen Ian, the wettest boy in Ireland. Don't ask about the mask.",01210a35cde946dbb19d24854ddd625b,Yes
spotify:track:7y1FVMJTDOJf61zcqaPAAU,Cold Company,Infinity Overhead,Minus the Bear,555c7be4f519498e97a6bf62888fb0df,2026-06-05T05:32:24Z,"Last minute change, I don’t really have anything to say other than it’s a belter of a song 

",01210a35cde946dbb19d24854ddd625b,Yes
spotify:track:05uGBKRCuePsf43Hfm0JwX,Brain Damage,The Dark Side of the Moon,Pink Floyd,5d67307c492249f2b00f7b3276919ef5,2026-06-09T20:05:14Z,"I know it's a very well known song, but it just slaps.",ad4edf83998943968aa608ab6fde68c2,Yes
spotify:track:0qemIQjSxcKyf42VPfZnfa,"Night Fever - From ""Saturday Night Fever"" Soundtrack",How Can You Mend A Broken Heart,Bee Gees,555c7be4f519498e97a6bf62888fb0df,2026-06-09T12:09:26Z,More a condition than a disease but I hopefully won’t get naughty stepped with this ,ad4edf83998943968aa608ab6fde68c2,Yes
spotify:track:0uukw2CgEIApv4IWAjXrBC,Dead!,The Black Parade,My Chemical Romance,b2fd357c852d458f8ea4fa557c68b37f,2026-06-10T13:06:24Z,One of the better known Afflictions I reckon,ad4edf83998943968aa608ab6fde68c2,Yes
spotify:track:1A7pz58VR2Lpc19c58QdSo,Road Rage,International Velvet,Catatonia,d21152e7d3cd4a69b0951abdfe3e1480,2026-06-10T08:26:33Z,"Since the playlist is almost certainly going to be full of horrific grindcore, this should provide a brief moment of refuge.",ad4edf83998943968aa608ab6fde68c2,Yes
spotify:track:2b9xv8MjY0PtswCDQtlS62,Melancholia,The Children of the Night,Tribulation,1af891d6b3bf4540a518ddd5b310e3b9,2026-06-09T12:16:42Z,,ad4edf83998943968aa608ab6fde68c2,Yes
spotify:track:2m5lcaVVcxSnEfLcY907PZ,Died of Dancing,I LIKE IT,Toehider,e4baba279a664e01b42eb740644f095c,2026-06-11T21:50:34Z,"Look, hear me out, okay?
This song is about an event referred to as the dancing plague of 1518, so the disease in this case is dancing (it's like calling a song 'died of bubonic' ... it's fine, it totally fits ... stop with the suspicious side-eye already, will ya?!).
On balance I figured this round could get a little dour, so I opted for the fun song on the shortlist; enjoy! ",ad4edf83998943968aa608ab6fde68c2,Yes
spotify:track:3EfBbEWfFUDzNh9r0LWIo3,Choke,1981 Extended Play,I DONT KNOW HOW BUT THEY FOUND ME,93455c46f7d945a187150fc527630db4,2026-06-11T15:24:50Z,"The best thing to do in case of choking is to cough continuously as hard as possible and indicate with hand signals what is happening to those around you. The second best thing to do is sing this song, which will convey the same idea.",ad4edf83998943968aa608ab6fde68c2,Yes
spotify:track:3oKxkAVLJxo9N4wdfJuRTT,Sjögren's Syndrome Awareness - Original Mix,"Life Saving Dance Music, Vol. 12",Kronotrope,6495e706501d405b96d5a435a5903ca7,2026-06-11T23:02:17Z,"Look, once you get past the 50th dry vagina chant it grows on you. 

This was released in 2015, no AI here. An actual human penned, mixed, and put this onto Spotify.

It's also 1am and I feel I've lost sanity. But at least you won't forget common s+s of sjorgen's, even if you want to...",ad4edf83998943968aa608ab6fde68c2,Yes
spotify:track:4QlzkaRHtU8gAdwqjWmO8n,Friday I'm In Love,Wish,The Cure,c9020fb4892a4c77aaeded2efd21f9b4,2026-06-10T01:09:59Z,Gonna beat all your diseases with The Cure!,ad4edf83998943968aa608ab6fde68c2,Yes
spotify:track:4XwCY0BYSYdP7Avu9TwEPO,Sabotage,"Bears, Mayors, Scraps & Bones",Cancer Bats,ec6e845efede4f3abfce9ac2b3254ff7,2026-06-09T12:20:43Z,Quite literally the only band I could think of with a disease in the name,ad4edf83998943968aa608ab6fde68c2,Yes
spotify:track:6kHjP4o4AIE7qWaxAkXYVD,Seeing Hands,Venus on Earth (Deluxe Edition),Dengue Fever,b49a4cb5ad234418b3ff4bdfd2ab321f,2026-06-09T12:06:49Z,"American/Cambodian psychedelic rock. You may well hear more from them later, and this was a strong contender for the 'language you don't understand' round as well.",ad4edf83998943968aa608ab6fde68c2,Yes
spotify:track:6WZwZmqGDBlrekjJC1cBN2,Bad Disease,DIG,STIFF RICHARDS,f1c713e8e22f4674a449cc92e27d3930,2026-06-09T12:55:48Z,"If you have a stiff richard for more than four hours, please see a doctor.",ad4edf83998943968aa608ab6fde68c2,Yes
spotify:track:77asYwewm0lXvz76inosJm,Growing on Me,Permission to Land,The Darkness,026acc5a18a94f2bb1097778a32a4dae,2026-06-09T14:07:01Z,"Have a song about genital warts.

If you didn't know it was about genital warts. You do now.",ad4edf83998943968aa608ab6fde68c2,Yes
spotify:track:06gUfA53wBXa8849Wx2Loh,Life Sucks... Let's Dance!,Life Sucks... Let's Dance!,Reel Big Fish,d21152e7d3cd4a69b0951abdfe3e1480,2026-06-18T22:27:30Z,I guess life doesn't suck as much when you're marrying the person you love but you can dance!,8ccd45fd2eb243949abcacfa0a5fe5ed,Yes
spotify:track:0aEHqdfXihqRpqXpWt9aCr,There She Is,Be More Kind,Frank Turner,5d67307c492249f2b00f7b3276919ef5,2026-06-18T15:37:51Z,,8ccd45fd2eb243949abcacfa0a5fe5ed,Yes
spotify:track:0H3gd5DU8T9rcRlkrYI1uX,Hummingbird,Escape from Dragon House (Deluxe Edition),Dengue Fever,b49a4cb5ad234418b3ff4bdfd2ab321f,2026-06-16T10:39:49Z,"Hello, it's me again. ""Who Wants To Live Forever"" had already been submitted by somebody else in the Live Recordings round and this was one of the other songs on our shortlist. It's quite easy to guess who's writing this and submitting this song.

It's beautiful though and I think you should choose it.",8ccd45fd2eb243949abcacfa0a5fe5ed,Yes
spotify:track:0JJIQdnQz9EueaWZVBi4oj,Kiss the Girl,Young's Old Covers (Nostalgic Movies),Jonathan Young,e4baba279a664e01b42eb740644f095c,2026-06-19T06:10:38Z,"Well, this one was mine, so clearly I think it's a fine choice. We wanted something a bit more upbeat than slow-dancey. It is something you'd probably not guess I'd've picked, but my typical music taste often doesn't lend itself to dancing! ",8ccd45fd2eb243949abcacfa0a5fe5ed,Yes
spotify:track:0tZ3mElWcr74OOhKEiNz1x,Bulls On Parade,Evil Empire,Rage Against The Machine,b2fd357c852d458f8ea4fa557c68b37f,2026-06-18T07:44:50Z,"I don't know why this was my first thought but you know what, first thought best thought. Go with the gut etc.",8ccd45fd2eb243949abcacfa0a5fe5ed,Yes
spotify:track:2J9yZBKajggHsCmoSiaVCw,Together In Electric Dreams,The Greatest Hits,"Phil Oakey, Giorgio Moroder",f1c713e8e22f4674a449cc92e27d3930,2026-06-18T08:37:07Z,"Has everything you need; a building intro to take to the floor to, a beat you can dance to and a dire warning about AI to take to heart. To. Congratulations Baba!",8ccd45fd2eb243949abcacfa0a5fe5ed,Yes
spotify:track:2KVMuEgVOyOkxxx0xEFNMS,Impossible (Orchestral Version) [Live at Abbey Road],Impossible (Orchestral Version) [Live at Abbey Road],Nothing But Thieves,6495e706501d405b96d5a435a5903ca7,2026-06-17T06:16:57Z,It starts off lovely and slow for a gentle entrance together and builds up in drama. Plus IF the couple happened to have seen Nothing But Thieves live several times then this makes sense >_>...,8ccd45fd2eb243949abcacfa0a5fe5ed,Yes
spotify:track:3aO8SF6z2kdg8Mraz9rJHI,I Walk Beside You,Octavarium,Dream Theater,1af891d6b3bf4540a518ddd5b310e3b9,2026-06-17T14:13:05Z,Short and sweet for a DT track.,8ccd45fd2eb243949abcacfa0a5fe5ed,Yes
spotify:track:3C4Pem6lWfskQd51N8XQRF,Bring Me Sunshine - Theme from the TV Series ''Morecambe & Wise'',EMI Comedy Classics,Morecambe & Wise,026acc5a18a94f2bb1097778a32a4dae,2026-06-16T12:42:24Z,"- Absolutely perfect lyrics and message for a wedding.
- If you've any older relatives, they'll absolutely love this - guaranteed tears.
- Anyone who doesn't like Eric and Ernie is dead inside.
- Sub two minutes. Long enough for a decent first dance, but you're not stuck in the spotlight of everyone's gaze forever.
- Has a hard, definitive end to lead into the next song. Get your band/DJ to kick in immediately with something like Mr Brightside, and you'll flood the dancefloor.",8ccd45fd2eb243949abcacfa0a5fe5ed,Yes
spotify:track:3fqwjXwUGN6vbzIwvyFMhx,Tennessee Whiskey,Traveller,Chris Stapleton,ec6e845efede4f3abfce9ac2b3254ff7,2026-06-18T21:03:38Z,This is what our first dance will be in August as chosen by my gorgeous fiancée. Nice and slow tempo to not stumble over each other’s feet’s and lovely lyrics!,8ccd45fd2eb243949abcacfa0a5fe5ed,Yes
spotify:track:59ndu9VkohItqZDNFYlEYJ,No Cock Like Horse Cock,Blast Radius: New Game+,Pepper Coyote,555c7be4f519498e97a6bf62888fb0df,2026-06-17T12:10:38Z,"No idea what our first dance will be, so I’m going to finish this league off with a bang and hope my pick at least raises a chuckle for the happy couple!",8ccd45fd2eb243949abcacfa0a5fe5ed,Yes
spotify:track:6e13443Ve7RGcAUScTgYtl,The Last Of The Real Ones,MANIA,Fall Out Boy,c9020fb4892a4c77aaeded2efd21f9b4,2026-06-16T13:12:41Z,"Fall Out Boy are a surprisingly good outfit, I think, but they're just not my favourite. A friend of mine is absolutely enamoured with them, and recommended this track. It's quite nice. Maybe one day I'll make him proud and be a Fall Out Boy fan true.",8ccd45fd2eb243949abcacfa0a5fe5ed,Yes
